TIME,HOUR,MINUTE,SECOND,OZONE,TEMPERATURE,HUMIDITY,DEWPOINT,PRESSURE,WIND_DIR,W_SPEED,"TOTAL RAD",DIFFUSE_RAD,"DIRECT RAD",,,,
00.12.15,,,,,,,,,,,,,,,,,
,0,0,0,,,,,,,,,,,,,,
,23,59,59,,3.9,86,1.7,658.7,83,3,0,0,0,0,1,0,1
0.0006828703703703704,0,0,59,,3.8,86,1.7,658.7,74,4,0,0,0,0,2,0,1
0.0013773148148148147,0,1,59,,3.6,86,1.8,658.7,94,4,0,0,0,0,3,0,1
0.0020717592592592593,0,2,59,,3.5,90,1.6,658.7,99,3,0,0,0,0,4,0,1
0.002766203703703704,0,3,59,,3.6,88,2.1,658.7,92,4,0,0,0,0,5,0,1
0.003460648148148148,0,4,59,,3.5,90,1.8,658.7,88,3,0,0,0,0,6,0,1
0.004155092592592592,0,5,59,,3.5,90,2,658.7,83,3,0,0,0,0,7,0,1
0.004849537037037037,0,6,59,,3.6,91,2,658.7,74,4,0,0,0,0,8,0,1
0.005543981481481481,0,7,59,,3.7,90,2.3,658.7,77,4,0,0,0,0,9,0,1
0.006238425925925926,0,8,59,,3.8,91,2.3,658.7,83,0,0,0,0,10,0,1,
0.0069328703703703705,0,9,59,,4,90,2.6,658.7,80,0,0,0,0,11,0,1,
0.007627314814814815,0,10,59,,4.2,89,2.6,658.7,84,0,0,0,0,12,0,1,
0.00832175925925926,0,11,59,,4.1,87,2.5,658.7,89,0,0,0,0,13,0,1,
0.009016203703703703,0,12,59,,4,88,2.1,658.7,82,0,0,0,0,14,0,1,
0.009710648148148149,0,13,59,,4,89,2.1,658.7,87,0,0,0,0,15,0,1,
0.010405092592592593,0,14,59,,4.1,87,2.5,658.7,80,0,0,0,0,16,0,1,
0.011099537037037036,0,15,59,,4.1,89,2.1,658.7,80,0,0,0,0,17,0,1,
0.011793981481481482,0,16,59,,4.3,89,2.5,658.7,80,0,0,0,0,18,0,1,
0.012488425925925925,0,17,59,,4.4,88,2.7,658.7,82,0,0,0,0,19,0,1,
0.01318287037037037,0,18,59,,4.5,88,2.6,658.7,77,0,0,0,0,20,0,1,
0.013877314814814815,0,19,59,,4.5,87,2.6,658.7,83,0,0,0,0,21,0,1,
0.01457175925925926,0,20,59,,4.5,87,2.6,658.7,75,0,0,0,0,22,0,1,
0.015266203703703704,0,21,59,,4.5,87,2.6,658.7,80,0,0,0,0,23,0,1,
0.015960648148148147,0,22,59,,4.5,87,2.6,658.6,74,0,0,0,0,24,0,1,
0.016655092592592593,0,23,59,,4.5,87,2.5,658.6,78,0,0,0,0,25,0,1,
0.01734953703703704,0,24,59,,4.4,87,2.5,658.7,77,0,0,0,0,26,0,1,
0.01804398148148148,0,25,59,,4.4,87,2.4,658.7,77,0,0,0,0,27,0,1,
0.018738425925925926,0,26,59,,4.4,87,2.4,658.7,80,0,0,0,0,28,0,1,
0.01943287037037037,0,27,59,,4.4,88,2.5,658.7,81,0,0,0,0,29,0,1,
0.020127314814814813,0,28,59,,4.3,87,2.6,658.7,89,0,0,0,0,30,0,1,
0.02082175925925926,0,29,59,,4.2,88,2.2,658.7,88,0,0,0,0,31,0,1,
0.021516203703703704,0,30,59,,4.1,87,2.3,658.7,96,0,0,0,0,32,0,1,
0.02221064814814815,0,31,59,,4,85,2.1,658.7,93,0,0,0,0,33,0,1,
0.02290509259259259,0,32,59,,4,86,1.7,658.7,90,0,0,0,0,34,0,1,
0.023599537037037037,0,33,59,,4,85,1.8,658.7,90,0,0,0,0,35,0,1,
0.024293981481481482,0,34,59,,4,85,1.6,658.7,89,0,0,0,0,36,0,1,
0.024988425925925924,0,35,59,,3.9,85,1.8,658.7,93,0,0,0,0,37,0,1,
0.02568287037037037,0,36,59,,3.9,83,1.7,658.7,97,0,0,0,0,38,0,1,
0.026377314814814815,0,37,59,,3.9,82,1.2,658.7,99,0,0,0,0,39,0,1,
0.02707175925925926,0,38,59,,4,83,1.3,658.7,96,0,0,0,0,40,0,1,
0.027766203703703703,0,39,59,,3.9,82,1.4,658.7,97,0,0,0,0,41,0,1,
0.028460648148148148,0,40,59,,3.7,77,0.9,658.7,102,0,0,0,0,42,0,1,
0.029155092592592594,0,41,59,,3.5,77,-0.1,658.7,102,0,0,0,0,43,0,1,
0.029849537037037036,0,42,59,,3.6,74,-0.1,658.7,105,0,0,0,0,44,0,1,
0.03054398148148148,0,43,59,,3.5,73,-1,658.7,109,0,0,0,0,45,0,1,
0.031238425925925926,0,44,59,,3.3,72,-1.1,658.7,112,0,0,0,0,46,0,1,
0.03193287037037037,0,45,59,,3.3,75,-1,658.7,108,0,0,0,0,47,0,1,
0.03262731481481482,0,46,59,,3.4,72,-1,658.7,106,0,0,0,0,48,0,1,
0.03332175925925926,0,47,59,,3.3,73,-1,658.7,104,0,0,0,0,49,0,1,
0.0340162037037037,0,48,59,,3.1,74,-1.1,658.7,99,0,0,0,0,50,0,1,
0.03471064814814815,0,49,59,,3.1,75,-1,658.7,97,0,0,0,0,51,0,1,
0.03540509259259259,0,50,59,,3.2,73,-0.9,658.7,101,0,0,0,0,52,0,1,
0.036099537037037034,0,51,59,,3.4,73,-1.2,658.7,99,0,0,0,0,53,0,1,
0.03679398148148148,0,52,59,,3.3,73,-0.9,658.7,100,0,0,0,0,54,0,1,
0.037488425925925925,0,53,59,,3.3,72,-1.2,658.7,103,0,0,0,0,55,0,1,
0.03818287037037037,0,54,59,,3.3,73,-1.2,658.7,98,0,0,0,0,56,0,1,
0.038877314814814816,0,55,59,,3.2,74,-1,658.7,100,0,0,0,0,57,0,1,
0.03957175925925926,0,56,59,,3.2,74,-1,658.7,101,0,0,0,0,58,0,1,
0.04026620370370371,0,57,59,,3.3,76,-0.9,658.7,99,0,0,0,0,59,0,1,
0.04096064814814815,0,58,59,,3.4,76,-0.5,658.7,96,0,0,0,1,0,0,1,
0.04165509259259259,0,59,59,,3.6,73,-0.6,658.7,95,0,0,0,1,1,0,1,
0.04234953703703704,1,0,59,,3.8,73,-0.6,658.7,96,0,0,0,1,2,0,1,
0.04304398148148148,1,1,59,,3.9,74,-0.5,658.7,90,0,0,0,1,3,0,1,
0.043738425925925924,1,2,59,,3.9,72,0,658.7,92,0,0,0,1,4,0,1,
0.04443287037037037,1,3,59,,4.1,71,-0.6,658.7,92,0,0,0,1,5,0,1,
0.045127314814814815,1,4,59,,4.3,70,-0.6,658.7,88,0,0,0,1,6,0,1,
0.045821759259259257,1,5,59,,4.4,67,-0.9,658.7,91,0,0,0,1,7,0,1,
0.046516203703703705,1,6,59,,4.4,67,-1.1,658.7,90,0,0,0,1,8,0,1,
0.04721064814814815,1,7,59,,4.3,65,-1.4,658.7,92,0,0,0,1,9,0,1,
0.04790509259259259,1,8,59,,4,65,-1.7,658.7,90,0,0,0,1,10,0,1,
0.04859953703703704,1,9,59,,4,67,-1.8,658.7,88,0,0,0,1,11,0,1,
0.04929398148148148,1,10,59,,4.1,66,-1.4,658.7,86,0,0,0,1,12,0,1,
0.04998842592592593,1,11,59,,4.2,66,-1.6,658.7,86,0,0,0,1,13,0,1,
0.05068287037037037,1,12,59,,4.3,67,-1.4,658.7,79,0,0,0,1,14,0,1,
0.05137731481481481,1,13,59,,4.1,67,-1.4,658.7,84,0,0,0,1,15,0,1,
0.05207175925925926,1,14,59,,3.6,68,-1.6,658.7,96,0,0,0,1,16,0,1,
0.052766203703703704,1,15,59,,3.2,68,-1.8,658.7,122,0,0,0,1,17,0,1,
0.053460648148148146,1,16,59,,3.2,67,-2.2,658.7,119,0,0,0,1,18,0,1,
0.054155092592592595,1,17,59,,3.3,66,-2.5,658.7,134,0,0,0,1,19,0,1,
0.05484953703703704,1,18,59,,3.3,67,-2.5,658.8,141,0,0,0,0,1,20,0,1
0.05554398148148148,1,19,59,,3.4,69,-2.2,658.8,146,0,0,0,0,1,21,0,1
0.05623842592592593,1,20,59,,3.6,69,-1.6,658.8,124,0,0,0,0,1,22,0,1
0.05693287037037037,1,21,59,,3.7,64,-1.4,658.8,47,0,0,0,0,1,23,0,1
0.05762731481481481,1,22,59,,3.6,64,-2.9,658.8,359,0,0,0,0,1,24,0,1
0.05832175925925926,1,23,59,,3.7,65,-2.4,658.8,277,0,0,0,0,1,25,0,1
0.0590162037037037,1,24,59,,3.7,65,-2.2,658.8,259,0,0,0,0,1,26,0,1
0.05971064814814815,1,25,59,,3.7,67,-2.1,658.8,153,0,0,0,0,1,27,0,1
0.060405092592592594,1,26,59,,3.8,69,-1.6,658.8,117,0,0,0,0,1,28,0,1
0.061099537037037036,1,27,59,,3.9,69,-1.7,658.8,118,0,0,0,0,1,29,0,1
0.061793981481481484,1,28,59,,3.9,71,-1.2,658.8,129,0,0,0,0,1,30,0,1
0.062488425925925926,1,29,59,,3.9,73,-0.8,658.8,156,0,0,0,0,1,31,0,1
0.06318287037037038,1,30,59,,4,75,-0.4,658.8,151,0,0,0,0,1,32,0,1
0.06387731481481482,1,31,59,,4,74,0,658.8,144,0,0,0,0,1,33,0,1
0.06457175925925926,1,32,59,,3.9,73,-0.2,658.8,141,0,0,0,0,1,34,0,1
0.0652662037037037,1,33,59,,3.9,73,-0.5,658.8,125,0,0,0,0,1,35,0,1
0.06596064814814814,1,34,59,,3.9,74,-0.5,658.8,145,0,0,0,0,1,36,0,1
0.0666550925925926,1,35,59,,3.8,74,-0.4,658.8,150,0,0,0,0,1,37,0,1
0.06734953703703704,1,36,59,,3.8,77,-0.2,658.7,153,0,0,0,0,1,38,0,1
0.06804398148148148,1,37,59,,3.9,76,0.1,658.8,148,0,0,0,0,1,39,0,1
0.06873842592592593,1,38,59,,4,74,0,658.8,151,0,0,0,0,1,40,0,1
0.06943287037037037,1,39,59,,3.9,62,-0.9,658.8,147,0,0,0,0,1,41,0,1
0.07012731481481481,1,40,59,,3.9,66,-2.4,658.8,151,0,0,0,1,42,0,1,
0.07082175925925926,1,41,59,,3.9,60,-1.3,658.8,137,0,0,0,1,43,0,1,
0.0715162037037037,1,42,59,,3.4,60,-3.5,658.8,144,0,0,0,1,44,0,1,
0.07221064814814815,1,43,59,,3.1,64,-3.4,658.8,138,0,0,0,1,45,0,1,
0.07290509259259259,1,44,59,,3.3,63,-3,658.8,120,0,0,0,1,46,0,1,
0.07359953703703703,1,45,59,,3.4,63,-3,658.8,104,0,0,0,1,47,0,1,
0.07429398148148147,1,46,59,,3.4,60,-3.1,658.8,108,0,0,0,1,48,0,1,
0.07498842592592593,1,47,59,,3.5,63,-3.5,658.8,91,0,0,0,1,49,0,1,
0.07568287037037037,1,48,59,,3.7,64,-2.8,658.8,98,0,0,0,1,50,0,1,
0.07637731481481481,1,49,59,,3.7,65,-2.4,658.8,49,7,0,0,0,1,51,0,1
0.07707175925925926,1,50,59,,3.5,69,-2.2,658.8,68,2,0,0,0,1,52,0,1
0.0777662037037037,1,51,59,,3.5,74,-1.6,658.8,41,0,0,0,0,1,53,0,1
0.07846064814814815,1,52,59,,3.7,74,-0.5,658.9,34,0,0,0,0,1,54,0,1
0.0791550925925926,1,53,59,,3.8,76,-0.5,658.8,57,0,0,0,0,1,55,0,1
0.07984953703703704,1,54,59,,3.9,72,0,658.8,77,0,0,0,0,1,56,0,1
0.08054398148148148,1,55,59,,3.9,72,-0.9,658.8,87,0,0,0,0,1,57,0,1
0.08123842592592592,1,56,59,,3.8,74,-0.8,658.8,88,0,0,0,1,58,0,1,
0.08193287037037036,1,57,59,,4,75,-0.3,658.8,89,0,0,0,1,59,0,1,
0.08262731481481482,1,58,59,,4,75,0.5,658.8,84,0,0,0,2,0,0,1,
0.08332175925925926,1,59,59,,3.9,71,-0.1,658.8,95,0,0,0,2,1,0,1,
0.0840162037037037,2,0,59,,3.7,72,-0.9,658.8,105,0,0,0,2,2,0,1,
0.08471064814814815,2,1,59,,3.7,73,-0.7,658.8,102,0,0,0,2,3,0,1,
0.08540509259259259,2,2,59,,3.6,74,-0.9,658.8,88,0,0,0,2,4,0,1,
0.08609953703703704,2,3,59,,3.5,77,-0.6,658.8,100,0,0,0,2,5,0,1,
0.08679398148148149,2,4,59,,3.5,75,0,658.9,105,0,0,0,2,6,0,1,
0.08748842592592593,2,5,59,,3.5,79,-0.7,658.9,106,0,0,0,2,7,0,1,
0.08818287037037037,2,6,59,,3.7,78,0.4,658.9,108,0,0,0,2,8,0,1,
0.08887731481481481,2,7,59,,3.7,69,0.1,658.9,113,0,0,0,2,9,0,1,
0.08957175925925925,2,8,59,,3.7,64,-1.3,658.9,117,0,0,0,2,10,0,1,
0.09026620370370371,2,9,59,,3.5,62,-3.1,658.9,120,0,0,0,2,11,0,1,
0.09096064814814815,2,10,59,,3.5,63,-3.2,658.9,123,0,0,0,2,12,0,1,
0.0916550925925926,2,11,59,,3.5,68,-2.7,658.9,122,0,0,0,2,13,0,1,
0.09234953703703704,2,12,59,,3.5,68,-2,658.9,127,0,0,0,2,14,0,1,
0.09304398148148148,2,13,59,,3.5,68,-1.9,658.9,125,0,0,0,2,15,0,1,
0.09373842592592592,2,14,59,,3.4,72,-1.7,658.9,95,0,0,0,2,16,0,1,
0.09443287037037038,2,15,59,,3.6,70,-1,658.9,97,0,0,0,2,17,0,1,
0.09512731481481482,2,16,59,,3.8,65,-1.5,658.9,89,0,0,0,2,18,0,1,
0.09582175925925926,2,17,59,,4.1,55,-2.8,658.9,96,0,0,0,2,19,0,1,
0.0965162037037037,2,18,59,,4.2,53,-4.3,658.9,102,0,0,0,2,20,0,1,
0.09721064814814814,2,19,59,,4,50,-5,658.9,89,0,0,0,2,21,0,1,
0.0979050925925926,2,20,59,,4,50,-5.2,658.9,82,0,0,0,2,22,0,1,
0.09859953703703704,2,21,59,,3.8,51,-5.5,658.9,67,0,0,0,2,23,0,1,
0.09929398148148148,2,22,59,,3.6,52,-5.3,658.9,59,0,0,0,2,24,0,1,
0.09998842592592593,2,23,59,,3.7,52,-5.3,658.9,85,25,0,0,0,2,25,0,1
0.10068287037037037,2,24,59,,3.6,54,-5.3,658.9,116,0,0,0,2,26,0,1,
0.10137731481481481,2,25,59,,3.1,54,-4.9,658.9,105,0,0,0,2,27,0,1,
0.10207175925925926,2,26,59,,2.8,54,-5.5,658.9,104,0,0,0,2,28,0,1,
0.1027662037037037,2,27,59,,2.8,55,-5.4,658.9,106,0,0,0,2,29,0,1,
0.10346064814814815,2,28,59,,2.7,54,-5.6,658.9,107,0,0,0,2,30,0,1,
0.10415509259259259,2,29,59,,2.9,52,-5.6,658.9,101,0,0,0,2,31,0,1,
0.10484953703703703,2,30,59,,3.1,51,-5.9,658.9,101,0,0,0,2,32,0,1,
0.10554398148148147,2,31,59,,3.3,52,-6.2,658.9,104,0,0,0,2,33,0,1,
0.10623842592592593,2,32,59,,3.2,52,-5.6,659,101,0,0,0,2,34,0,1,
0.10693287037037037,2,33,59,,3.1,53,-5.8,659,99,0,0,0,2,35,0,1,
0.10762731481481481,2,34,59,,2.9,53,-5.6,659,103,0,0,0,2,36,0,1,
0.10832175925925926,2,35,59,,2.9,53,-5.8,659,104,0,0,0,2,37,0,1,
0.1090162037037037,2,36,59,,2.9,53,-5.5,659,100,0,0,0,2,38,0,1,
0.10971064814814815,2,37,59,,2.9,55,-5.7,659.1,84,0,0,0,2,39,0,1,
0.1104050925925926,2,38,59,,2.7,56,-5.1,659.1,104,0,0,0,2,40,0,1,
0.11109953703703704,2,39,59,,2.4,56,-5.2,659.1,101,0,0,0,2,41,0,1,
0.11179398148148148,2,40,59,,2.3,56,-5.6,659.1,106,0,0,0,2,42,0,1,
0.11248842592592592,2,41,59,,2.3,56,-5.5,659.1,102,0,0,0,2,43,0,1,
0.11318287037037036,2,42,59,,2.4,55,-5.5,659.1,101,0,0,0,2,44,0,1,
0.11387731481481482,2,43,59,,2.5,56,-5.7,659.1,103,0,0,0,2,45,0,1,
0.11457175925925926,2,44,59,,2.4,56,-5.5,659.1,110,0,0,0,2,46,0,1,
0.1152662037037037,2,45,59,,2.3,57,-5.5,659.1,113,0,0,0,2,47,0,1,
0.11596064814814815,2,46,59,,2.3,56,-5.4,659.1,110,0,0,0,2,48,0,1,
0.11665509259259259,2,47,59,,2.3,57,-5.7,659.1,110,0,0,0,2,49,0,1,
0.11734953703703704,2,48,59,,2.1,58,-5.2,659.2,112,0,0,0,2,50,0,1,
0.11804398148148149,2,49,59,,2,57,-5.2,659.1,107,0,0,0,2,51,0,1,
0.11873842592592593,2,50,59,,2.2,57,-5.6,659.1,105,0,0,0,2,52,0,1,
0.11943287037037037,2,51,59,,2.2,57,-5.4,659.1,113,0,0,0,2,53,0,1,
0.12012731481481481,2,52,59,,2.3,55,-5.5,659.1,110,0,0,0,2,54,0,1,
0.12082175925925925,2,53,59,,2.6,53,-5.8,659.1,108,0,0,0,2,55,0,1,
0.12151620370370371,2,54,59,,2.8,53,-6,659.1,111,0,0,0,2,56,0,1,
0.12221064814814815,2,55,59,,2.7,55,-5.6,659.1,111,0,0,0,2,57,0,1,
0.1229050925925926,2,56,59,,2.6,55,-5.5,659.1,115,0,0,0,2,58,0,1,
0.12359953703703704,2,57,59,,2.7,53,-5.6,659.1,111,0,0,0,2,59,0,1,
0.12429398148148148,2,58,59,,3.1,50,-6.2,659.1,106,0,0,0,3,0,0,1,
0.12498842592592592,2,59,59,,3.2,51,-6.2,659.1,105,0,0,0,3,1,0,1,
0.12568287037037038,3,0,59,,3.2,50,-6,659.1,107,0,0,0,3,2,0,1,
0.12637731481481482,3,1,59,,3.5,48,-6.3,659.1,104,0,0,0,3,3,0,1,
0.12707175925925926,3,2,59,,3.9,48,-6.4,659.1,104,0,0,0,3,4,0,1,
0.1277662037037037,3,3,59,,3.7,50,-6.1,659.1,104,0,0,0,3,5,0,1,
0.12846064814814814,3,4,59,,3.5,49,-5.7,659.1,100,0,0,0,3,6,0,1,
0.12915509259259259,3,5,59,,3.7,49,-6.2,659.1,102,0,0,0,3,7,0,1,
0.12984953703703703,3,6,59,,3.7,48,-6.2,659.1,103,0,0,0,3,8,0,1,
0.13054398148148147,3,7,59,,3.8,48,-6.5,659.1,101,0,0,0,3,9,0,1,
0.13123842592592594,3,8,59,,3.8,49,-6,659.1,100,0,0,0,3,10,0,1,
0.13193287037037038,3,9,59,,3.7,49,-6,659.1,102,0,0,0,3,11,0,1,
0.13262731481481482,3,10,59,,3.7,48,-6,659.1,101,0,0,0,3,12,0,1,
0.13332175925925926,3,11,59,,3.8,48,-6.3,659.1,100,0,0.3,-0.2,3,13,0,1,
0.1340162037037037,3,12,59,,3.8,49,-6.2,659.1,102,0.1,0.5,-0.6,3,14,0,1,
0.13471064814814815,3,13,59,,3.7,49,-6,659.1,102,0.1,0.8,-0.8,3,15,0,1,
0.1354050925925926,3,14,59,,3.6,48,-6,659.1,100,0.7,1,-0.4,3,16,0,1,
0.13609953703703703,3,15,59,,3.9,47,-6.5,659.1,104,0.9,1.8,-1,3,17,0,1,
0.13679398148148147,3,16,59,,4.1,46,-6.6,659.1,99,1.8,2.6,-0.8,3,18,0,1,
0.13748842592592592,3,17,59,,4.1,47,-6.4,659.1,99,1.4,1.9,-0.4,3,19,0,1,
0.13818287037037036,3,18,59,,4.1,47,-6.2,659.1,101,1.6,2.2,-0.8,3,20,0,1,
0.13887731481481483,3,19,59,,4,48,-6.2,659.2,106,3.3,3.5,-0.2,3,21,0,1,
0.13957175925925927,3,20,59,,3.9,47,-6,659.2,104,3,3.2,-0.2,3,22,0,1,
0.1402662037037037,3,21,59,,4,46,-6.4,659.1,102,4.7,5,-0.4,3,23,0,1,
0.14096064814814815,3,22,59,,4.1,47,-6.4,659.2,103,4.7,5.1,-0.4,3,24,0,1,
0.1416550925925926,3,23,59,,3.9,48,-6.3,659.2,108,5.1,5.1,0,3,25,0,1,
0.14234953703703704,3,24,59,,3.7,49,-5.8,659.2,107,6,5.8,0,3,26,0,1,
0.14304398148148148,3,25,59,,3.5,50,-5.9,659.2,109,6.2,6.2,0.2,3,27,0,1,
0.14373842592592592,3,26,59,,3.5,48,-6,659.2,110,7,7.1,0.2,3,28,0,1,
0.14443287037037036,3,27,59,,3.6,48,-6.4,659.2,112,8.7,8.7,0.2,3,29,0,1,
0.1451273148148148,3,28,59,,3.8,47,-6.4,659.2,107,9,9.3,-0.2,3,30,0,1,
0.14582175925925925,3,29,59,,3.8,48,-6.4,659.2,108,9.8,9.6,0.4,3,31,0,1,
0.1465162037037037,3,30,59,,3.7,48,-6.3,659.2,110,10.4,10.2,-0.2,3,32,0,1,
0.14721064814814816,3,31,59,,3.7,48,-6.1,659.2,111,10.9,11,0,3,33,0,1,
0.1479050925925926,3,32,59,,3.8,47,-6.3,659.3,110,10.8,10.8,0.2,3,34,0,1,
0.14859953703703704,3,33,59,,3.9,47,-6.5,659.2,113,12.2,12.1,0.2,3,35,0,1,
0.14929398148148149,3,34,59,,4,46,-6.3,659.2,113,12.8,12.7,0,3,36,0,1,
0.14998842592592593,3,35,59,,4.1,46,-6.8,659.3,113,13.8,13.6,0.4,3,37,0,1,
0.15068287037037037,3,36,59,,4,47,-6.4,659.3,112,13.1,13,0,3,38,0,1,
0.1513773148148148,3,37,59,,3.9,47,-6.3,659.3,116,14.6,14.2,0.4,3,39,0,1,
0.15207175925925925,3,38,59,,3.9,47,-6.2,659.3,112,14.8,14.4,0.4,3,40,0,1,
0.1527662037037037,3,39,59,,3.8,49,-6.4,659.3,114,15.3,15,0.4,3,41,0,1,
0.15346064814814814,3,40,59,,3.6,49,-6.1,659.3,117,16.3,15.4,1,3,42,0,1,
0.15415509259259258,3,41,59,,3.5,50,-5.9,659.3,122,16.4,15.4,0.8,3,43,0,1,
0.15484953703703705,3,42,59,,3.4,50,-6,659.4,122,17.3,15.9,1.4,3,44,0,1,
0.1555439814814815,3,43,59,,3.4,50,-6.1,659.4,128,17.5,16.1,1.4,3,45,0,1,
0.15623842592592593,3,44,59,,3.5,47,-6.2,659.4,135,17.5,16.5,1.2,3,46,0,1,
0.15693287037037038,3,45,59,,3.8,44,-7,659.4,144,21,18.1,1.7,3,47,0,1,
0.15762731481481482,3,46,59,,4.2,42,-7.2,659.4,149,47.8,21.2,20.4,3,48,0,1,
0.15832175925925926,3,47,59,,4.7,41,-7.5,659.4,153,87.6,23.6,58.7,3,49,0,1,
0.1590162037037037,3,48,59,,5,41,-7.3,659.5,144,105.1,24.8,79.3,3,50,0,1,
0.15971064814814814,3,49,59,,5.1,40,-7.1,659.5,150,111.2,26.4,84.3,3,51,0,1,
0.16040509259259259,3,50,59,,5.3,39,-7.4,659.5,147,114.4,24.6,88.9,3,52,0,1,
0.16109953703703703,3,51,59,,5.5,38,-7.5,659.5,150,119.9,25.7,93.3,3,53,0,1,
0.16179398148148147,3,52,59,,5.7,38,-7.8,659.5,152,125.1,26.6,97.9,3,54,0,1,
0.16248842592592594,3,53,59,,5.7,37,-7.5,659.5,155,129.5,26,102.9,3,55,0,1,
0.16318287037037038,3,54,59,,5.9,37,-7.9,659.5,159,134.6,26.7,107.3,3,56,0,1,
0.16387731481481482,3,55,59,,6,36,-7.5,659.5,157,139.7,27.2,111.5,3,57,0,1,
0.16457175925925926,3,56,59,,6.1,36,-7.8,659.5,159,143.7,26.8,116.5,3,58,0,1,
0.1652662037037037,3,57,59,,6.1,37,-7.9,659.6,151,149.1,27.2,120.7,3,59,0,1,
0.16596064814814815,3,58,59,,6.2,35,-7.7,659.6,158,154.6,27.8,126.1,4,0,0,1,
0.1666550925925926,3,59,59,,6.4,36,-8,659.6,144,160,28.2,130.7,4,1,0,1,
0.16734953703703703,4,0,59,,6.4,36,-7.4,659.6,145,165.6,28.8,136.1,4,2,0,1,
0.16804398148148147,4,1,59,,6.4,36,-7.7,659.6,177,170.2,28.2,141.3,4,3,0,1,
0.16873842592592592,4,2,59,,6.4,35,-7.7,659.6,177,176.4,29.4,146.1,4,4,0,1,
0.16943287037037036,4,3,59,,6.6,37,-7.9,659.6,146,180.1,28.3,151.4,4,5,0,1,
0.17012731481481483,4,4,59,,6.5,36,-6.7,659.6,171,184.2,27.7,156,4,6,0,1,
0.17082175925925927,4,5,59,,6.5,36,-7.6,659.7,161,190.7,29.4,160.4,4,7,0,1,
0.1715162037037037,4,6,59,,6.6,35,-7.6,659.7,161,195.5,29,165.8,4,8,0,1,
0.17221064814814815,4,7,59,,6.7,35,-7.8,659.7,186,199.9,28.6,170.6,4,9,0,1,
0.1729050925925926,4,8,59,,6.8,36,-7.8,659.7,182,205.7,29.7,175.4,4,10,0,1,
0.17359953703703704,4,9,59,,6.9,34,-7.1,659.7,97,210.2,29.2,180.2,4,11,0,1,
0.17429398148148148,4,10,59,,7.1,34,-8.2,659.7,151,215.8,30,185,4,12,0,1,
0.17498842592592592,4,11,59,,7.3,32,-7.9,659.7,158,220.4,30,189.6,4,13,0,1,
0.17568287037037036,4,12,59,,7.5,33,-8.1,659.7,114,225.7,29.6,195.4,4,14,0,1,
0.1763773148148148,4,13,59,,7.5,36,-7.8,659.7,118,231.9,29.8,201.2,4,15,0,1,
0.17707175925925925,4,14,59,,7.2,36,-6.2,659.7,117,237.6,30.4,206.4,4,16,0,1,
0.1777662037037037,4,15,59,,7,34,-7.4,659.7,145,242.8,30.2,211.6,4,17,0,1,
0.17846064814814816,4,16,59,,7.1,33,-7.7,659.8,167,249.1,31.2,216.6,4,18,0,1,
0.1791550925925926,4,17,59,,7.3,34,-8.1,659.8,157,253.9,30.6,222.4,4,19,0,1,
0.17984953703703704,4,18,59,,7.3,34,-7.1,659.8,113,258.9,30.8,227.2,4,20,0,1,
0.18054398148148149,4,19,59,,7.5,32,-8,659.8,91,264.5,30.9,232.6,4,21,0,1,
0.18123842592592593,4,20,59,,7.7,34,-8,659.8,65,269.3,30.6,237.4,4,22,0,1,
0.18193287037037037,4,21,59,,7.8,36,-6.8,659.8,90,274.5,31.3,242.6,4,23,0,1,
0.1826273148148148,4,22,59,,7.8,33,-6.2,659.8,79,279,31.3,246.9,4,24,0,1,
0.18332175925925925,4,23,59,,7.9,35,-7.4,659.8,108,284,30.8,252.1,4,25,0,1,
0.1840162037037037,4,24,59,,7.9,35,-6.6,659.8,109,291,31.2,258.7,4,26,0,1,
0.18471064814814814,4,25,59,,8,35,-6.9,659.8,132,295.4,31,263.5,4,27,0,1,
0.18540509259259258,4,26,59,,8.1,36,-6.2,659.8,142,301.7,31.8,268.9,4,28,0,1,
0.18609953703703705,4,27,59,,8.1,36,-6.3,659.8,118,307.6,31.8,274.3,4,29,0,1,
0.1867939814814815,4,28,59,,8.2,36,-6.1,659.8,111,312.6,31,280.5,4,30,0,1,
0.18748842592592593,4,29,59,,8.2,31,-6.2,659.8,115,316.7,30.3,285.5,4,31,0,1,
0.18818287037037038,4,30,59,,8.3,31,-7.9,659.8,105,321.7,30.4,290.3,4,32,0,1,
0.18887731481481482,4,31,59,,8.4,32,-7.5,659.8,120,327.7,31.1,295.7,4,33,0,1,
0.18957175925925926,4,32,59,,8.5,32,-7.3,659.8,105,331.8,30.4,300.7,4,34,0,1,
0.1902662037037037,4,33,59,,8.6,33,-6.7,659.8,56,338.7,32.2,305.5,4,35,0,1,
0.19096064814814814,4,34,59,,8.6,32,-6.8,659.8,103,344,32.2,310.9,4,36,0,1,
0.19165509259259259,4,35,59,,8.6,32,-7.3,659.9,123,349.6,32.2,316.1,4,37,0,1,
0.19234953703703703,4,36,59,,8.6,33,-6.4,659.8,137,355.6,32,322.3,4,38,0,1,
0.19304398148148147,4,37,59,,8.5,34,-6.7,659.8,140,361.9,33,327.9,4,39,0,1,
0.19373842592592594,4,38,59,,8.3,32,-6,659.8,130,367.2,32.9,333.3,4,40,0,1,
0.19443287037037038,4,39,59,,8.3,33,-7.6,659.8,124,373,33.1,338.9,4,41,0,1,
0.19512731481481482,4,40,59,,8.3,35,-7.1,659.8,72,379.4,34,344.6,4,42,0,1,
0.19582175925925926,4,41,59,,8.4,37,-6.2,659.8,47,385.6,34.6,350,4,43,0,1,
0.1965162037037037,4,42,59,,8.5,37,-5.6,659.8,55,390,33.4,355.4,4,44,0,1,
0.19721064814814815,4,43,59,,8.4,37,-5.4,659.8,57,395.3,33.6,360.6,4,45,0,1,
0.1979050925925926,4,44,59,,8.5,36,-5.5,659.8,80,400.6,33.6,366,4,46,0,1,
0.19859953703703703,4,45,59,,8.5,34,-5.5,659.8,70,405.8,33.3,371.6,4,47,0,1,
0.19929398148148147,4,46,59,,8.6,36,-6.4,659.8,68,412,33.9,376.8,4,48,0,1,
0.19998842592592592,4,47,59,,8.5,36,-5.7,659.8,64,417.2,33.8,382.4,4,49,0,1,
0.20068287037037036,4,48,59,,8.5,37,-5.5,659.8,69,423,34.2,388,4,50,0,1,
0.20137731481481483,4,49,59,,8.5,35,-4.9,659.8,61,429.8,35.3,393.6,4,51,0,1,
0.20207175925925927,4,50,59,,8.4,35,-6.1,659.8,77,435.2,35.2,399,4,52,0,1,
0.2027662037037037,4,51,59,,8.3,35,-5.8,659.8,63,441.4,36,404.2,4,53,0,1,
0.20346064814814815,4,52,59,,8.3,37,-6.4,659.8,41,445.6,35.1,409.6,4,54,0,1,
0.2041550925925926,4,53,59,,8.3,37,-5.1,659.8,46,451.7,36.4,414.4,4,55,0,1,
0.20484953703703704,4,54,59,,8.3,36,-5.7,659.8,45,456.5,35.8,420,4,56,0,1,
0.20554398148148148,4,55,59,,8.3,39,-5.6,659.8,44,462,35.7,425.2,4,57,0,1,
0.20623842592592592,4,56,59,,8.3,38,-4.5,659.8,59,467.4,35.8,430.8,4,58,0,1,
0.20693287037037036,4,57,59,,8.4,35,-5.9,659.8,58,473.7,36.4,436,4,59,0,1,
0.2076273148148148,4,58,59,,8.4,34,-6.2,659.7,58,478.5,36,441.7,5,0,0,1,
0.20832175925925925,4,59,59,,8.5,35,-6.4,659.8,66,483.9,36.4,446.9,5,1,0,1,
0.2090162037037037,5,0,59,,8.5,37,-6.1,659.8,46,489.4,36.4,452.1,5,2,0,1,
0.20971064814814816,5,1,59,,8.5,38,-5.2,659.8,56,494.2,35.9,457.5,5,3,0,1,
0.2104050925925926,5,2,59,,8.6,37,-5.4,659.8,52,499.2,35.4,462.7,5,4,0,1,
0.21109953703703704,5,3,59,,8.6,35,-4.6,659.8,73,505.7,36.8,467.7,5,5,0,1,
0.21179398148148149,5,4,59,,8.6,35,-5.9,659.8,73,510.8,36.4,473.3,5,6,0,1,
0.21248842592592593,5,5,59,,8.7,33,-5.9,659.8,72,517.3,37.4,479.1,5,7,0,1,
0.21318287037037037,5,6,59,,8.6,34,-6.7,659.8,71,522.3,37.2,484.1,5,8,0,1,
0.2138773148148148,5,7,59,,8.6,35,-6,659.8,72,527.9,37.7,488.9,5,9,0,1,
0.21457175925925925,5,8,59,,8.7,36,-6.3,659.8,71,533.1,37.7,494.5,5,10,0,1,
0.2152662037037037,5,9,59,,8.8,35,-5.6,659.8,60,538.2,37.7,499.5,5,11,0,1,
0.21596064814814814,5,10,59,,8.8,33,-5.9,659.8,77,544.2,38,505.1,5,12,0,1,
0.21665509259259258,5,11,59,,8.8,34,-6.6,659.8,77,549.3,37.8,510.5,5,13,0,1,
0.21734953703703705,5,12,59,,8.8,32,-6.7,659.8,77,554,37.4,515.9,5,14,0,1,
0.2180439814814815,5,13,59,,8.7,32,-7.1,659.8,80,560.4,38.8,521.1,5,15,0,1,
0.21873842592592593,5,14,59,,8.6,32,-6.9,659.8,81,565.5,38.4,526.5,5,16,0,1,
0.21943287037037038,5,15,59,,8.7,33,-7.2,659.9,77,570.9,38.7,531.3,5,17,0,1,
0.22012731481481482,5,16,59,,8.7,34,-6.3,659.9,77,575.3,38,536.3,5,18,0,1,
0.22082175925925926,5,17,59,,8.8,33,-5.7,659.9,82,581.7,39,542,5,19,0,1,
0.2215162037037037,5,18,59,,8.8,35,-6.9,659.9,59,586.3,38.9,546.6,5,20,0,1,
0.22221064814814814,5,19,59,,8.8,33,-5.9,659.9,56,592.3,39.6,552,5,21,0,1,
0.22290509259259259,5,20,59,,8.8,32,-6.4,659.9,63,597.5,39.5,557.2,5,22,0,1,
0.22359953703703703,5,21,59,,8.8,32,-7,659.9,57,602.4,39.3,562.4,5,23,0,1,
0.22429398148148147,5,22,59,,8.8,33,-6.9,659.9,53,607.5,38.9,568,5,24,0,1,
0.22498842592592594,5,23,59,,8.8,34,-6.6,659.9,60,612.3,38.8,572.8,5,25,0,1,
0.22568287037037038,5,24,59,,8.9,34,-6,659.9,68,617.8,39,578,5,26,0,1,
0.22637731481481482,5,25,59,,9,33,-6.3,659.9,68,622.3,38.7,582.6,5,27,0,1,
0.22707175925925926,5,26,59,,9.1,34,-6.4,659.9,56,626.4,38,587.6,5,28,0,1,
0.2277662037037037,5,27,59,,9.2,34,-6,659.9,64,632.5,39.2,592.8,5,29,0,1,
0.22846064814814815,5,28,59,,9.3,36,-5.8,659.9,28,636.2,38,597.6,5,30,0,1,
0.2291550925925926,5,29,59,,9.5,35,-4.6,660,63,641.7,38.4,602.6,5,31,0,1,
0.22984953703703703,5,30,59,,9.6,33,-5.3,659.9,50,646,37.8,607.6,5,32,0,1,
0.23054398148148147,5,31,59,,9.5,34,-6.1,659.9,50,651.5,38,612.4,5,33,0,1,
0.23123842592592592,5,32,59,,9.5,33,-5.5,660,65,656.5,38.3,617.8,5,34,0,1,
0.23193287037037036,5,33,59,,9.5,35,-6.2,660,59,661.2,37.9,622.6,5,35,0,1,
0.23262731481481483,5,34,59,,9.5,34,-5.9,659.9,40,666.5,38.4,627.2,5,36,0,1,
0.23332175925925927,5,35,59,,9.3,48,-5,659.9,28,670.4,37.6,631.6,5,37,0,1,
0.2340162037037037,5,36,59,,9.1,54,-0.8,660,7,675.4,37.9,636.7,5,38,0,1,
0.23471064814814815,5,37,59,,8.8,55,0.2,660,18,679.5,37.7,640.9,5,39,0,1,
0.2354050925925926,5,38,59,,8.9,37,-0.6,660,61,684.6,37.8,646.3,5,40,0,1,
0.23609953703703704,5,39,59,,9,34,-5,660,62,690,37.9,651.5,5,41,0,1,
0.23679398148148148,5,40,59,,9.1,33,-6.1,660,58,695.2,37.8,656.7,5,42,0,1,
0.23748842592592592,5,41,59,,9.1,45,-6.4,660,47,699.8,37.8,660.9,5,43,0,1,
0.23818287037037036,5,42,59,,9.1,45,-1.6,660,30,705.8,39.6,665.7,5,44,0,1,
0.2388773148148148,5,43,59,,9.2,58,-1,660,331,708.8,37.8,670.3,5,45,0,1,
0.23957175925925925,5,44,59,,9.2,62,1.3,660,318,712.3,37.4,674.1,5,46,0,1,
0.2402662037037037,5,45,59,,9.1,64,2.5,660,358,717.2,37.3,679.1,5,47,0,1,
0.24096064814814816,5,46,59,,9,58,2.6,660,60,722.3,37,684.3,5,48,0,1,
0.2416550925925926,5,47,59,,8.9,41,-0.7,660,61,726.4,37.1,689.1,5,49,0,1,
0.24234953703703704,5,48,59,,9.1,56,-3,660,26,730.7,36.8,693.3,5,50,0,1,
0.24304398148148149,5,49,59,,9,55,2.1,660,38,736.6,37.5,698.3,5,51,0,1,
0.24373842592592593,5,50,59,,9,44,0.7,660,52,740.9,37.1,703.1,5,52,0,1,
0.24443287037037037,5,51,59,,9.2,59,-3.5,660,329,744.8,37.2,707.1,5,53,0,1,
0.2451273148148148,5,52,59,,9,65,2.5,660,345,748.3,36.6,710.9,5,54,0,1,
0.24582175925925925,5,53,59,,8.6,67,2.7,660,326,752.8,36.8,715.5,5,55,0,1,
0.2465162037037037,5,54,59,,8.5,67,2.8,660,10,757.3,36.8,719.7,5,56,0,1,
0.24721064814814814,5,55,59,,8.4,71,2.7,660,346,762,37.2,724.3,5,57,0,1,
0.24790509259259258,5,56,59,,8.3,73,3.5,660,5,766.3,37.3,728.3,5,58,0,1,
0.24859953703703705,5,57,59,,8.4,70,3.8,660,8,769.9,37.2,732.1,5,59,0,1,
0.2492939814814815,5,58,59,,8.4,72,3.1,660,15,775.1,37.1,737.4,6,0,0,1,
0.24998842592592593,5,59,59,,8.5,73,3.6,660,74,779.1,36.4,742.4,6,1,0,1,
0.25068287037037035,6,0,59,,8.7,64,4,660,23,783.7,36.4,746.6,6,2,0,1,
0.2513773148148148,6,1,59,,8.9,65,2.1,660,328,788.1,37.2,750,6,3,0,1,
0.25207175925925923,6,2,59,,8.9,67,2.6,660,355,793.3,37.6,754.6,6,4,0,1,
0.25276620370370373,6,3,59,,9,67,3.3,660,26,798.5,37.3,760,6,5,0,1,
0.25346064814814817,6,4,59,,9,42,1.6,660,52,803.8,37.2,765.8,6,6,0,1,
0.2541550925925926,6,5,59,,9.3,40,-3,660,70,808.9,37.6,770.2,6,7,0,1,
0.25484953703703705,6,6,59,,9.5,34,-4,660,55,815.6,38.6,776.4,6,8,0,1,
0.2555439814814815,6,7,59,,9.4,36,-5.3,660,46,819.8,38.8,780.2,6,9,0,1,
0.25623842592592594,6,8,59,,9.4,40,-4.7,660,62,825.3,39.3,785.2,6,10,0,1,
0.2569328703703704,6,9,59,,9.6,40,-4.4,660,56,829.8,39.7,789.4,6,11,0,1,
0.2576273148148148,6,10,59,,9.9,37,-3,660,62,835,40.2,793.8,6,12,0,1,
0.25832175925925926,6,11,59,,9.9,39,-4.1,660,36,839.3,40,799,6,13,0,1,
0.2590162037037037,6,12,59,,10,38,-3.1,660,48,843.9,40.4,802.4,6,14,0,1,
0.25971064814814815,6,13,59,,10,38,-3.8,660,69,848.5,40.5,807.2,6,15,0,1,
0.2604050925925926,6,14,59,,10.1,37,-3.5,660,78,852.9,40.7,811.4,6,16,0,1,
0.26109953703703703,6,15,59,,10.1,37,-3.9,660,67,857.7,40.5,816.6,6,17,0,1,
0.2617939814814815,6,16,59,,10.1,37,-4.2,660,80,862.4,40.5,821,6,18,0,1,
0.2624884259259259,6,17,59,,10.1,35,-3.9,660,60,867.5,40.5,826,6,19,0,1,
0.26318287037037036,6,18,59,,10.1,34,-5,660,69,871.6,40.8,830.2,6,20,0,1,
0.2638773148148148,6,19,59,,9.9,34,-5.2,660,78,875.9,41,834.3,6,21,0,1,
0.26457175925925924,6,20,59,,9.8,36,-5.1,660,59,879.7,40.7,837.9,6,22,0,1,
0.2652662037037037,6,21,59,,9.8,35,-4.5,660,87,884.6,40.8,843.1,6,23,0,1,
0.2659606481481481,6,22,59,,9.7,36,-5.2,660,75,889.6,41.1,847.7,6,24,0,1,
0.26665509259259257,6,23,59,,9.6,35,-4.6,660,75,893.1,41,851.3,6,25,0,1,
0.267349537037037,6,24,59,,9.5,33,-5.2,659.9,58,898,41.2,856.3,6,26,0,1,
0.2680439814814815,6,25,59,,9.5,35,-5.9,659.9,56,901.4,41.2,859.9,6,27,0,1,
0.26873842592592595,6,26,59,,9.6,37,-4.9,659.9,65,905.5,41,863.7,6,28,0,1,
0.2694328703703704,6,27,59,,9.6,37,-4.3,659.9,62,910.2,41.8,867.7,6,29,0,1,
0.27012731481481483,6,28,59,,9.5,38,-4.2,659.9,43,914.9,41.9,872.1,6,30,0,1,
0.2708217592592593,6,29,59,,9.7,39,-3.9,659.9,54,920,41.7,876.9,6,31,0,1,
0.2715162037037037,6,30,59,,9.7,36,-3.6,659.9,72,924.4,41.3,882.7,6,32,0,1,
0.27221064814814816,6,31,59,,9.5,37,-4.5,660,62,928.5,42,885.5,6,33,0,1,
0.2729050925925926,6,32,59,,9.5,37,-4.3,660,48,932.3,41.8,889.9,6,34,0,1,
0.27359953703703704,6,33,59,,9.6,38,-4.4,660,33,935.2,41.9,892.9,6,35,0,1,
0.2742939814814815,6,34,59,,9.7,38,-4,659.9,44,940.4,42.3,897.5,6,36,0,1,
0.27498842592592593,6,35,59,,9.8,36,-3.9,660,48,944.8,42.8,901.5,6,37,0,1,
0.27568287037037037,6,36,59,,9.9,36,-4.1,660,41,948.2,42.2,905.1,6,38,0,1,
0.2763773148148148,6,37,59,,10,35,-4.3,660,65,953.2,42.8,909.5,6,39,0,1,
0.27707175925925925,6,38,59,,9.8,34,-4.6,660,33,957.2,42.8,913.7,6,40,0,1,
0.2777662037037037,6,39,59,,9.7,37,-5.2,660,27,959.4,41.6,917.1,6,41,0,1,
0.27846064814814814,6,40,59,,9.8,38,-4.2,659.9,48,963.5,41.6,921.5,6,42,0,1,
0.2791550925925926,6,41,59,,10,37,-3.9,659.9,42,967.3,41.7,925.1,6,43,0,1,
0.279849537037037,6,42,59,,10.1,37,-3.7,659.9,63,971.7,42.2,928.8,6,44,0,1,
0.28054398148148146,6,43,59,,10,35,-3.9,659.9,68,976.5,42.6,933.2,6,45,0,1,
0.2812384259259259,6,44,59,,9.9,35,-4.6,660,54,980.5,43.1,936.8,6,46,0,1,
0.28193287037037035,6,45,59,,10,36,-4.9,659.9,33,983.7,43.4,939.8,6,47,0,1,
0.2826273148148148,6,46,59,,10.1,37,-3.9,659.9,38,988.2,44,943.4,6,48,0,1,
0.28332175925925923,6,47,59,,10.2,37,-3.9,659.9,53,991.2,43.3,947.6,6,49,0,1,
0.28401620370370373,6,48,59,,10.1,37,-3.9,659.9,28,994.4,43.4,950.6,6,50,0,1,
0.28471064814814817,6,49,59,,10.1,40,-3.9,659.9,25,998,43,954.8,6,51,0,1,
0.2854050925925926,6,50,59,,10.4,39,-2.6,659.9,76,1002.4,43.6,958,6,52,0,1,
0.28609953703703705,6,51,59,,10.3,36,-3.6,659.9,102,1006,43.7,962.2,6,53,0,1,
0.2867939814814815,6,52,59,,10.3,39,-4,659.9,28,1008.5,43.9,964.2,6,54,0,1,
0.28748842592592594,6,53,59,,10.3,37,-3.3,659.9,36,1012.6,44.4,967.6,6,55,0,1,
0.2881828703703704,6,54,59,,10.4,38,-3.7,659.9,47,1015.4,44.3,970.6,6,56,0,1,
0.2888773148148148,6,55,59,,10.5,39,-3.1,659.9,43,1019,43.6,974.6,6,57,0,1,
0.28957175925925926,6,56,59,,10.5,41,-2.8,659.9,1,1023.5,44.2,978.8,6,58,0,1,
0.2902662037037037,6,57,59,,10.6,57,-0.8,659.9,5,1027.5,44.9,982,6,59,0,1,
0.29096064814814815,6,58,59,,10.7,37,1.6,659.9,68,1031.5,44.6,986.2,7,0,0,1,
0.2916550925925926,6,59,59,,10.6,39,-3.4,659.9,16,1034.7,44,990,7,1,0,1,
0.29234953703703703,7,0,59,,10.8,41,-2.4,659.9,38,1038.2,44.3,993.2,7,2,0,1,
0.2930439814814815,7,1,59,,10.9,37,-2.5,659.9,75,1042.7,45.6,996.4,7,3,0,1,
0.2937384259259259,7,2,59,,11,39,-3.3,659.9,16,1045.5,45.6,999.6,7,4,0,1,
0.29443287037037036,7,3,59,,11.2,57,-1.9,659.9,322,1047.7,46.8,1001,7,5,0,1,
0.2951273148148148,7,4,59,,10.9,59,3.3,659.9,315,1051.1,47.6,1003.4,7,6,0,1,
0.29582175925925924,7,5,59,,10.5,63,3.7,659.9,348,1055.6,47.7,1006.8,7,7,0,1,
0.2965162037037037,7,6,59,,10.1,46,3.8,659.9,41,1060.4,46.6,1013.4,7,8,0,1,
0.2972106481481481,7,7,59,,10.3,43,-2.6,659.9,351,1063.6,47.5,1015.8,7,9,0,1,
0.29790509259259257,7,8,59,,10.5,68,-1.9,659.9,316,1065.6,49.1,1016.4,7,10,0,1,
0.298599537037037,7,9,59,,10.5,69,5.2,659.9,292,1068.4,49,1018.6,7,11,0,1,
0.2992939814814815,7,10,59,,10,70,5,659.9,308,1073.4,50.3,1022.8,7,12,0,1,
0.29998842592592595,7,11,59,,9.7,71,4.8,659.9,305,1081.3,58,1023.4,7,13,0,1,
0.3006828703703704,7,12,59,,9.5,75,4.8,659.9,303,1097,71.5,1024.4,7,14,0,1,
0.30137731481481483,7,13,59,,9.6,73,5.2,659.9,333,1103.3,72,1030.3,7,15,0,1,
0.3020717592592593,7,14,59,,9.6,74,5.2,659.9,325,1099.8,65.5,1035.1,7,16,0,1,
0.3027662037037037,7,15,59,,9.6,75,5.2,659.9,309,1103.5,69.2,1033.7,7,17,0,1,
0.30346064814814816,7,16,59,,9.7,75,5.3,659.9,289,1136.4,92.8,1042.7,7,18,0,1,
0.3041550925925926,7,17,59,,10,73,5.5,659.9,302,1141,120.9,989,7,19,0,1,
0.30484953703703704,7,18,59,,10.1,73,5.5,659.9,285,1246.1,208.3,1035.3,7,20,0,1,
0.3055439814814815,7,19,59,,9.8,71,5.3,660,287,1039.2,306.4,920.3,7,21,0,1,
0.30623842592592593,7,20,59,,9.1,74,4.9,660,274,467,255.5,156.4,7,22,0,1,
0.30693287037037037,7,21,59,,8.9,77,4.8,660,249,1274,215.6,1004.2,7,23,0,1,
0.3076273148148148,7,22,59,,9.1,76,5.2,659.9,253,1269.7,233,1077.1,7,24,0,1,
0.30832175925925925,7,23,59,,9.5,74,5.1,659.9,267,1332.7,270.6,1070.5,7,25,0,1,
0.3090162037037037,7,24,59,,9.6,73,5.1,659.9,288,1300.5,380.1,1001.8,7,26,0,1,
0.30971064814814814,7,25,59,,9.2,75,5.1,660,291,1249.4,450.7,765.4,7,27,0,1,
0.3104050925925926,7,26,59,,8.8,77,4.9,660,336,558.4,457.7,132.7,7,28,0,1,
0.311099537037037,7,27,59,,8.7,78,4.9,660,54,1246.8,478,620.8,7,29,0,1,
0.31179398148148146,7,28,59,,8.8,79,5.3,659.9,15,1513.5,423.3,1093.5,7,30,0,1,
0.3124884259259259,7,29,59,,9,80,5.5,659.9,311,1524.7,420.9,1100.7,7,31,0,1,
0.31318287037037035,7,30,59,,9.3,79,5.8,659.9,327,1506.3,399.6,1107.7,7,32,0,1,
0.3138773148148148,7,31,59,,9.6,80,6.2,659.9,313,1477,386.2,1097.1,7,33,0,1,
0.31457175925925923,7,32,59,,9.9,79,6.4,659.8,304,1109.6,518.5,673.9,7,34,0,1,
0.31526620370370373,7,33,59,,9.9,77,6.5,659.8,312,588.5,485.1,139.7,7,35,0,1,
0.31596064814814817,7,34,59,,9.7,78,6,659.8,303,383.3,347.8,39.8,7,36,0,1,
0.3166550925925926,7,35,59,,9.4,78,5.9,659.8,302,351.4,322.5,28.6,7,37,0,1,
0.31734953703703705,7,36,59,,9.2,80,5.9,659.9,294,372.6,336.7,34.6,7,38,0,1,
0.3180439814814815,7,37,59,,9.1,79,5.9,659.9,272,368.3,331.8,36.8,7,39,0,1,
0.31873842592592594,7,38,59,,9,80,5.6,659.9,269,358.4,318.5,38.6,7,40,0,1,
0.3194328703703704,7,39,59,,9,79,5.7,659.9,269,403.1,357.7,44.2,7,41,0,1,
0.3201273148148148,7,40,59,,8.9,79,5.5,659.9,278,406.1,362.3,45.4,7,42,0,1,
0.32082175925925926,7,41,59,,8.7,79,5.3,659.9,290,331.5,301.2,31.6,7,43,0,1,
0.3215162037037037,7,42,59,,8.5,81,5.2,659.9,281,366.1,331.6,32.6,7,44,0,1,
0.32221064814814815,7,43,59,,8.3,81,5.3,659.9,270,493.1,437.4,47.2,7,45,0,1,
0.3229050925925926,7,44,59,,8.3,80,5.2,659.9,254,748.8,635.3,115.3,7,46,0,1,
0.32359953703703703,7,45,59,,8.4,80,5.1,659.8,262,971.6,705.2,205.8,7,47,0,1,
0.3242939814814815,7,46,59,,8.5,80,5.2,659.8,261,826.6,597.9,293.3,7,48,0,1,
0.3249884259259259,7,47,59,,8.5,79,5.2,659.8,273,471.3,429.8,47.2,7,49,0,1,
0.32568287037037036,7,48,59,,8.4,79,5.1,659.8,256,396.3,358.8,36.4,7,50,0,1,
0.3263773148148148,7,49,59,,8.4,79,5.1,659.8,267,467.6,413.4,47,7,51,0,1,
0.32707175925925924,7,50,59,,8.6,79,5.1,659.8,254,752.4,502.4,198.4,7,52,0,1,
0.3277662037037037,7,51,59,,8.7,78,5,659.8,268,1258.7,444.5,700.7,7,53,0,1,
0.3284606481481481,7,52,59,,9,82,5.3,659.8,303,1152.7,434.8,713.1,7,54,0,1,
0.32915509259259257,7,53,59,,9.1,79,5.9,659.8,289,1364.6,516.9,881.1,7,55,0,1,
0.329849537037037,7,54,59,,9.2,80,5.7,659.8,296,799.7,438.3,481.3,7,56,0,1,
0.3305439814814815,7,55,59,,9.1,79,6,659.8,314,401.1,343.6,58.3,7,57,0,1,
0.33123842592592595,7,56,59,,8.9,79,5.7,659.8,319,505.1,410,86.1,7,58,0,1,
0.3319328703703704,7,57,59,,8.7,80,5.4,659.8,315,534.5,443.6,97.7,7,59,0,1,
0.33262731481481483,7,58,59,,8.6,80,5.5,659.8,306,502.3,439.4,55.1,8,0,0,1,
0.3333217592592593,7,59,59,,8.5,82,5.4,659.8,309,464.4,377.9,102.9,8,1,0,1,
0.3340162037037037,8,0,59,,8.6,82,5.7,659.7,328,507.7,355.2,157,8,3,0,1,
0.3354050925925926,8,2,59,,8,,,,,,,,,,,,
0.33609953703703704,8,3,59,,8.6,83,,659.8,277,488.3,444.5,44.8,8,5,0,1,
0.3367939814814815,8,4,59,,8.6,83,5.7,659.8,247,474.1,433.9,38.4,8,6,0,1,
0.33748842592592593,8,5,59,,8.7,81,5.8,659.8,237,486.8,426.8,56.1,8,7,0,1,
0.33818287037037037,8,6,59,,8.9,82,5.5,659.7,291,491.2,425.6,66.7,8,8,0,1,
0.3388773148148148,8,7,59,,9,82,6.2,659.7,312,388.9,353.7,37.4,8,9,0,1,
0.33957175925925925,8,8,59,,8.7,82,6.1,659.7,305,338.7,314.5,25.2,8,10,0,1,
0.3402662037037037,8,9,59,,8.3,83,5.9,659.7,307,304.5,283.7,21,8,11,0,1,
0.34096064814814814,8,10,59,,8.1,86,5.7,659.7,320,286,266.3,20,8,12,0,1,
0.3416550925925926,8,11,59,,8,87,5.8,659.7,329,256.7,236.7,19.8,8,13,0,1,
0.342349537037037,8,12,59,,8,86,5.9,659.7,307,245.7,222.7,21.2,8,14,0,1,
0.34304398148148146,8,13,59,,7.9,86,5.8,659.7,293,291.5,259.2,32.6,8,15,0,1,
0.3437384259259259,8,14,59,,7.8,86,5.6,659.8,289,316.8,285.7,28.8,8,16,0,1,
0.34443287037037035,8,15,59,,7.9,86,5.7,659.8,277,407.8,367.3,40.2,8,17,0,1,
0.3451273148148148,8,16,59,,7.9,85,5.7,659.8,280,425.8,384.9,40.2,8,18,0,1,
0.34582175925925923,8,17,59,,8,86,5.6,659.8,299,536,459.4,69.5,8,19,0,1,
0.34651620370370373,8,18,59,,8.1,87,5.9,659.8,312,872.8,583.4,188.8,8,20,0,1,
0.34721064814814817,8,19,59,,8.3,86,6,659.8,276,825.4,644.3,236.8,8,21,0,1,
0.3479050925925926,8,20,59,,8.5,85,6.1,659.8,269,645.6,566.6,84.9,8,22,0,1,
0.34859953703703705,8,21,59,,8.6,85,6.1,659.8,258,589.9,530.3,58.9,8,23,0,1,
0.3492939814814815,8,22,59,,8.8,84,6.1,659.8,282,671.8,555.2,94.5,8,24,0,1,
0.34998842592592594,8,23,59,,8.9,82,6.3,659.8,265,975.5,643.5,260.7,8,25,0,1,
0.3506828703703704,8,24,59,,9,82,6,659.8,300,1430.5,709.7,721.5,8,26,0,1,
0.3513773148148148,8,25,59,,9,82,6,659.8,296,1087.8,726,439.8,8,27,0,1,
0.35207175925925926,8,26,59,,9,81,6.2,659.8,291,760.5,629.4,156.6,8,28,0,1,
0.3527662037037037,8,27,59,,8.9,82,6,659.8,305,571,511.7,66.9,8,29,0,1,
0.35346064814814815,8,28,59,,8.8,83,6.1,659.8,305,378,350.5,30,8,30,0,1,
0.3541550925925926,8,29,59,,8.7,83,6.1,659.8,299,282.4,263,19.8,8,31,0,1,
0.35484953703703703,8,30,59,,8.6,83,6,659.8,298,266.2,248.3,18.8,8,32,0,1,
0.3555439814814815,8,31,59,,8.3,84,5.9,659.8,285,264.5,250.7,14.2,8,33,0,1,
0.3562384259259259,8,32,59,,8.1,86,5.7,659.8,279,225.8,210.1,14.4,8,34,0,1,
0.35693287037037036,8,33,59,,8,86,5.8,659.8,281,243.4,221.2,21.6,8,35,0,1,
0.3576273148148148,8,34,59,,7.8,86,5.7,659.8,296,316.8,290.8,25.2,8,36,0,1,
0.35832175925925924,8,35,59,,7.7,88,5.7,659.8,288,368.4,334.9,32.6,8,37,0,1,
0.3590162037037037,8,36,59,,7.7,89,5.8,659.9,283,407.4,365.8,40.6,8,38,0,1,
0.3597106481481481,8,37,59,,7.8,88,6,659.8,302,452.6,406.9,44.2,8,39,0,1,
0.36040509259259257,8,38,59,,7.9,89,6,659.9,297,553,494,56.7,8,40,0,1,
0.361099537037037,8,39,59,,8,88,6.2,659.9,290,508.6,464.9,49.3,8,41,0,1,
0.3617939814814815,8,40,59,,8,88,6.2,659.8,275,409.5,382.2,27.4,8,42,0,1,
0.36248842592592595,8,41,59,,7.8,89,6.1,659.8,269,430,381,39.4,8,43,0,1,
0.3631828703703704,8,42,59,,7.8,89,6.1,659.8,266,910.4,470.9,325.5,8,44,0,1,
0.36387731481481483,8,43,59,,8,89,6.1,659.8,254,1509.9,412.4,1000,8,45,0,1,
0.3645717592592593,8,44,59,,8.3,88,6.3,659.8,253,1537.6,322.4,1222.1,8,46,0,1,
0.3652662037037037,8,45,59,,8.7,87,6.5,659.8,244,1534.7,357.2,1193.2,8,47,0,1,
0.36596064814814816,8,46,59,,9.1,85,6.7,659.8,255,1403.4,432.2,968.8,8,48,0,1,
0.3666550925925926,8,47,59,,9.4,81,6.6,659.8,263,1476.6,392.5,1097.7,8,49,0,1,
0.36734953703703704,8,48,59,,9.4,83,6.3,659.8,247,1485.3,488.4,1209.2,8,50,0,1,
0.3680439814814815,8,49,59,,9.8,82,6.7,659.8,279,892.4,615.8,309.3,8,51,0,1,
0.36873842592592593,8,50,59,,9.8,78,7,659.8,283,594.5,510.9,93.9,8,53,0,1,
0.3701273148148148,8,52,59,,9.2,80,,659.8,271,540.3,465.7,60.9,8,54,0,1,
0.37082175925925925,8,53,59,,8.5,81,5.6,659.8,285,653.1,473.9,166.6,8,55,0,1,
0.3715162037037037,8,54,59,,8.2,83,5.4,659.8,261,812.6,516.2,202,8,56,0,1,
0.37221064814814814,8,55,59,,8.3,86,5.6,659.8,270,1249,574.1,613,8,57,0,1,
0.3729050925925926,8,56,59,,8.6,85,6.1,659.8,300,1544,675.8,8,58,0,1,,
0.373599537037037,8,57,59,,9,83,6.3,659.8,281,1112.1,696.8,562.2,9,0,0,1,
0.3749884259259259,8,59,59,,9,82,6,,,,,,,,,,
0.37568287037037035,9,0,59,,9.5,83,6.1,659.8,310,1448.8,449.3,1107.7,9,2,0,1,
0.3763773148148148,9,1,59,,9.8,79,6.9,659.8,278,966.6,466.2,377.6,9,3,0,1,
0.37707175925925923,9,2,59,,9.8,77,6.3,659.8,280,580.4,360.4,225.2,9,4,0,1,
0.37776620370370373,9,3,59,,9.3,82,5.8,659.7,264,797.9,417,297.3,9,5,0,1,
0.37846064814814817,9,4,59,,9.3,84,6.3,659.7,244,1068.4,579,584.6,9,6,0,1,
0.3791550925925926,9,5,59,,9.7,82,6.7,659.7,257,,,,,,,,
0.37984953703703705,9,6,59,,10.2,80,6.7,659.7,254,1178.4,577.7,9,8,0,1,,
0.3805439814814815,9,7,59,,10.6,76,6.9,659.7,260,1230.9,526.4,622,9,9,0,1,
0.38123842592592594,9,8,59,,10.7,75,6.5,659.7,268,1538,559.5,9,10,0,1,,
0.3819328703703704,9,9,59,,10.7,75,6.4,659.7,255,765.7,491.3,204.2,9,11,0,1,
0.3826273148148148,9,10,59,,10.8,76,6.4,659.8,277,395.7,323.1,60.9,9,12,0,1,
0.38332175925925926,9,11,59,,10.3,79,6.9,659.7,273,401.1,345.9,67.3,9,13,0,1,
0.3840162037037037,9,12,59,,9.8,81,6.8,659.8,277,396.9,365.4,30.6,9,14,0,1,
0.38471064814814815,9,13,59,,9.2,82,6.6,659.8,277,454.9,419,34.6,9,15,0,1,
0.3854050925925926,9,14,59,,8.7,84,6.2,659.8,280,414.6,387.5,28.2,9,16,0,1,
0.38609953703703703,9,15,59,,8.4,87,6.1,659.7,283,383.8,356.8,26,9,17,0,1,
0.3867939814814815,9,16,59,,8.4,85,6.4,659.7,283,389.1,354.2,33.6,9,18,0,1,
0.3874884259259259,9,17,59,,8.4,85,6.1,659.7,290,411.8,369,40.4,9,19,0,1,
0.38818287037037036,9,18,59,,8.2,87,6.1,659.7,287,539.6,473.6,67.7,9,20,0,1,
0.3888773148148148,9,19,59,,8.1,90,6.2,659.7,284,551.1,499.1,54.5,9,21,0,1,
0.38957175925925924,9,20,59,,8.3,90,6.7,659.7,284,422.8,385.5,41,9,22,0,1,
0.3902662037037037,9,21,59,,8.5,90,6.7,659.7,272,256.1,237.9,19.4,9,23,0,1,
0.3909606481481481,9,22,59,,8.6,87,6.9,659.7,260,215.6,198.2,15.8,9,24,0,1,
0.39165509259259257,9,23,59,,8.6,86,6.5,659.7,251,307.3,273,28.2,9,25,0,1,
0.392349537037037,9,24,59,,8.6,85,6.4,659.8,251,410.6,357.8,54.5,9,26,0,1,
0.3930439814814815,9,25,59,,8.6,85,6.2,659.7,253,426.6,371.5,52.1,9,27,0,1,
0.39373842592592595,9,26,59,,8.6,87,6.4,659.7,266,591.3,472.8,113.1,9,28,0,1,
0.3944328703703704,9,27,59,,8.8,87,6.7,659.7,283,632.8,492.5,114.3,9,29,0,1,
0.39512731481481483,9,28,59,,8.7,86,6.6,659.7,276,650.9,535,127.1,9,30,0,1,
0.3958217592592593,9,29,59,,8.8,88,6.6,659.6,272,728.8,615.7,96.5,9,31,0,1,
0.3965162037037037,9,30,59,,8.9,88,7,659.6,289,1270.9,815,293.3,9,32,0,1,
0.39721064814814816,9,31,59,,9,88,7.2,659.7,283,1224.6,804.2,636.9,9,33,0,1,
0.3979050925925926,9,32,59,,9.2,87,7.2,659.7,275,774.8,668.6,89.3,9,34,0,1,
0.39859953703703704,9,33,59,,9.2,86,7,659.7,272,977,704.7,258.9,9,35,0,1,
0.3992939814814815,9,34,59,,9.3,85,7.1,659.7,251,611.4,543.2,64.1,9,36,0,1,
0.39998842592592593,9,35,59,,9.4,85,6.9,659.7,265,530.2,467.1,64.3,9,37,0,1,
0.40068287037037037,9,36,59,,9.4,84,6.9,659.7,270,401.2,354.2,53.9,9,38,0,1,
0.4013773148148148,9,37,59,,9.1,85,6.9,659.7,273,267.3,246.4,21.8,9,39,0,1,
0.40207175925925925,9,38,59,,8.7,86,6.7,659.7,270,267.2,245.3,19.6,9,40,0,1,
0.4027662037037037,9,39,59,,8.5,88,6.5,659.7,261,341.2,313.8,28.2,9,41,0,1,
0.40346064814814814,9,40,59,,8.4,87,6.6,659.6,258,337.8,315.6,21.6,9,42,0,1,
0.4041550925925926,9,41,59,,8.4,86,6.4,659.6,253,373.5,342.4,32.2,9,43,0,1,
0.404849537037037,9,42,59,,8.5,86,6.2,659.7,251,359.3,333.5,25,9,44,0,1,
0.40554398148148146,9,43,59,,8.5,85,6.2,659.6,258,389.7,357,32,9,45,0,1,
0.4062384259259259,9,44,59,,8.5,85,6.2,659.6,263,483.8,460.2,25.2,9,46,0,1,
0.40693287037037035,9,45,59,,8.5,86,6.2,659.6,263,524.7,498.8,24.8,9,47,0,1,
0.4076273148148148,9,46,59,,8.4,85,6.3,659.6,287,526,491.8,31.2,9,48,0,1,
0.40832175925925923,9,47,59,92.9,8.2,87,6.1,659.6,283,603.2,558.8,46.6,9,49,0,1,
0.40901620370370373,9,48,59,,8.1,88,6.2,659.6,267,476.7,441.2,24.2,9,50,0,1,
0.40971064814814817,9,49,59,65.7,8.1,88,6.1,659.6,269,796,550.5,259.5,9,51,0,1,
0.4104050925925926,9,50,59,25.2,8.2,86,6.2,659.6,272,373.6,354.3,20.8,9,52,0,1,
0.41109953703703705,9,51,59,29.5,8,88,6,659.6,272,292.9,274.3,19,9,53,0,1,
0.4117939814814815,9,52,59,29.9,8.1,88,6.2,659.6,282,262.4,248.7,14.2,9,54,0,1,
0.41248842592592594,9,53,59,25.4,8,88,6.3,659.6,292,254.7,245.5,9.6,9,55,0,1,
0.4131828703703704,9,54,59,28.1,7.8,89,6.1,659.6,279,268.7,261,7.4,9,56,0,1,
0.4138773148148148,9,55,59,27.8,7.9,90,6.1,659.6,258,258.5,248.9,9,9,57,0,1,
0.41457175925925926,9,56,59,22.4,8,88,6.4,659.5,259,252.3,239.2,12.2,9,58,0,1,
0.4152662037037037,9,57,59,21.5,8.1,85,6.2,659.5,242,275.2,257.8,16.8,9,59,0,1,
0.41596064814814815,9,58,59,32.5,8.2,87,5.8,659.5,269,311.9,290.7,20.6,10,0,0,1,
0.4166550925925926,9,59,59,22.9,8.4,86,6.2,659.5,262,364.4,334.7,27.2,10,1,0,1,
0.41734953703703703,10,0,59,25.5,8.5,84,6.2,659.5,265,476.7,418.1,54.3,10,2,0,1,
0.4180439814814815,10,1,59,32.5,8.6,85,6.1,659.5,261,541,480.8,60.9,10,3,0,1,
0.4187384259259259,10,2,59,26,8.7,85,6.3,659.5,263,456.6,411.5,49.7,10,4,0,1,
0.41943287037037036,10,3,59,28.5,8.8,86,6.4,659.5,250,378.3,342.5,35,10,5,0,1,
0.4201273148148148,10,4,59,28,8.8,86,6.5,659.5,254,377.7,345.8,33,10,6,0,1,
0.42082175925925924,10,5,59,24.8,8.9,85,6.6,659.4,243,405.1,370.3,32.4,10,7,0,1,
0.4215162037037037,10,6,59,24.7,8.9,84,6.5,659.5,239,512.9,459.3,49.5,10,8,0,1,
0.4222106481481481,10,7,59,28.2,9,85,6.5,659.4,237,584.9,511,70.3,10,9,0,1,
0.42290509259259257,10,8,59,24.5,9.2,84,6.6,659.4,255,646.1,556,93.1,10,10,0,1,
0.423599537037037,10,9,59,27.8,9.2,83,6.5,659.4,257,603.4,527.6,69.5,,,,,
0,,,,,,,,,,,,,,,,,
0,,,,,,,,,,,,,,,,,
0,,,,,,,,,,,,,,,,,
0,,,,,,,,,,,,,,,,,
0,,,,,,,,,,,,,,,,,
0,,,,,,,,,,,,,,,,,
0,,,,,,,,,,,,,,,,,
0,,,,,,,,,,,,,,,,,
0,,,,,,,,,,,,,,,,,
0,,,,,,,,,,,,,,,,,
0,,,,,,,,,,,,,,,,,
0,,,,,,,,,,,,,,,,,
0,,,,,,,,,,,,,,,,,
0,,,,,,,,,,,,,,,,,
0,,,,,,,,,,,,,,,,,
0,,,,,,,,,,,,,,,,,
0,,,,,,,,,,,,,,,,,
0,,,,,,,,,,,,,,,,,
0,,,,,,,,,,,,,,,,,
0,,,,,,,,,,,,,,,,,
0,,,,,,,,,,,,,,,,,
0,,,,,,,,,,,,,,,,,
0,,,,,,,,,,,,,,,,,
0,,,,,,,,,,,,,,,,,
0,,,,,,,,,,,,,,,,,
0,,,,,,,,,,,,,,,,,
0,,,,,,,,,,,,,,,,,
0,,,,,,,,,,,,,,,,,
0,,,,,,,,,,,,,,,,,
0,,,,,,,,,,,,,,,,,
0,,,,,,,,,,,,,,,,,
0,,,,,,,,,,,,,,,,,
0,,,,,,,,,,,,,,,,,
0,,,,,,,,,,,,,,,,,
0,,,,,,,,,,,,,,,,,
0,,,,,,,,,,,,,,,,,
0,,,,,,,,,,,,,,,,,
0,,,,,,,,,,,,,,,,,
0,,,,,,,,,,,,,,,,,
0,,,,,,,,,,,,,,,,,
0,,,,,,,,,,,,,,,,,
0,,,,,,,,,,,,,,,,,
0,,,,,,,,,,,,,,,,,
0,,,,,,,,,,,,,,,,,
0,,,,,,,,,,,,,,,,,
0,,,,,,,,,,,,,,,,,
0,,,,,,,,,,,,,,,,,
0,,,,,,,,,,,,,,,,,
0,,,,,,,,,,,,,,,,,
0,,,,,,,,,,,,,,,,,
0,,,,,,,,,,,,,,,,,
0,,,,,,,,,,,,,,,,,
0,,,,,,,,,,,,,,,,,
0,,,,,,,,,,,,,,,,,
0,,,,,,,,,,,,,,,,,
0,,,,,,,,,,,,,,,,,
0,,,,,,,,,,,,,,,,,
0,,,,,,,,,,,,,,,,,
0,,,,,,,,,,,,,,,,,
0,,,,,,,,,,,,,,,,,
0,,,,,,,,,,,,,,,,,
0,,,,,,,,,,,,,,,,,
0,,,,,,,,,,,,,,,,,
0,,,,,,,,,,,,,,,,,
0,,,,,,,,,,,,,,,,,
0,,,,,,,,,,,,,,,,,
0,,,,,,,,,,,,,,,,,
0,,,,,,,,,,,,,,,,,
0,,,,,,,,,,,,,,,,,
0,,,,,,,,,,,,,,,,,
0,,,,,,,,,,,,,,,,,
0,,,,,,,,,,,,,,,,,
0,,,,,,,,,,,,,,,,,
0,,,,,,,,,,,,,,,,,
0,,,,,,,,,,,,,,,,,
0,,,,,,,,,,,,,,,,,
0,,,,,,,,,,,,,,,,,
0,,,,,,,,,,,,,,,,,
0,,,,,,,,,,,,,,,,,
0,,,,,,,,,,,,,,,,,
0,,,,,,,,,,,,,,,,,
0,,,,,,,,,,,,,,,,,
0,,,,,,,,,,,,,,,,,
0,,,,,,,,,,,,,,,,,
0,,,,,,,,,,,,,,,,,
0,,,,,,,,,,,,,,,,,
0,,,,,,,,,,,,,,,,,
0,,,,,,,,,,,,,,,,,
0,,,,,,,,,,,,,,,,,
0,,,,,,,,,,,,,,,,,
0,,,,,,,,,,,,,,,,,
0,,,,,,,,,,,,,,,,,
0,,,,,,,,,,,,,,,,,
0,,,,,,,,,,,,,,,,,
0,,,,,,,,,,,,,,,,,
0,,,,,,,,,,,,,,,,,
0,,,,,,,,,,,,,,,,,
0,,,,,,,,,,,,,,,,,
0,,,,,,,,,,,,,,,,,
0,,,,,,,,,,,,,,,,,
0,,,,,,,,,,,,,,,,,
0,,,,,,,,,,,,,,,,,
0,,,,,,,,,,,,,,,,,
0,,,,,,,,,,,,,,,,,
0,,,,,,,,,,,,,,,,,
0,,,,,,,,,,,,,,,,,
0,,,,,,,,,,,,,,,,,
0,,,,,,,,,,,,,,,,,
0,,,,,,,,,,,,,,,,,
0,,,,,,,,,,,,,,,,,
0,,,,,,,,,,,,,,,,,
0,,,,,,,,,,,,,,,,,
0,,,,,,,,,,,,,,,,,
0,,,,,,,,,,,,,,,,,
0,,,,,,,,,,,,,,,,,
0,,,,,,,,,,,,,,,,,
0,,,,,,,,,,,,,,,,,
0,,,,,,,,,,,,,,,,,
0,,,,,,,,,,,,,,,,,
0,,,,,,,,,,,,,,,,,
0,,,,,,,,,,,,,,,,,
0,,,,,,,,,,,,,,,,,
0,,,,,,,,,,,,,,,,,
0,,,,,,,,,,,,,,,,,
0,,,,,,,,,,,,,,,,,
0,,,,,,,,,,,,,,,,,
0,,,,,,,,,,,,,,,,,
0,,,,,,,,,,,,,,,,,
0,,,,,,,,,,,,,,,,,
0,,,,,,,,,,,,,,,,,
0,,,,,,,,,,,,,,,,,
0,,,,,,,,,,,,,,,,,
0,,,,,,,,,,,,,,,,,
0,,,,,,,,,,,,,,,,,
0,,,,,,,,,,,,,,,,,
0,,,,,,,,,,,,,,,,,
0,,,,,,,,,,,,,,,,,
0,,,,,,,,,,,,,,,,,
0,,,,,,,,,,,,,,,,,
0,,,,,,,,,,,,,,,,,
0,,,,,,,,,,,,,,,,,
0,,,,,,,,,,,,,,,,,
0,,,,,,,,,,,,,,,,,
0,,,,,,,,,,,,,,,,,
0,,,,,,,,,,,,,,,,,
0,,,,,,,,,,,,,,,,,
0,,,,,,,,,,,,,,,,,
0,,,,,,,,,,,,,,,,,
0,,,,,,,,,,,,,,,,,
0,,,,,,,,,,,,,,,,,
0,,,,,,,,,,,,,,,,,
0,,,,,,,,,,,,,,,,,
0,,,,,,,,,,,,,,,,,
0,,,,,,,,,,,,,,,,,
0,,,,,,,,,,,,,,,,,
0,,,,,,,,,,,,,,,,,
0,,,,,,,,,,,,,,,,,
0,,,,,,,,,,,,,,,,,
0,,,,,,,,,,,,,,,,,
0,,,,,,,,,,,,,,,,,
0,,,,,,,,,,,,,,,,,
0,,,,,,,,,,,,,,,,,
0,,,,,,,,,,,,,,,,,
0,,,,,,,,,,,,,,,,,
0,,,,,,,,,,,,,,,,,
0,,,,,,,,,,,,,,,,,
0,,,,,,,,,,,,,,,,,
0,,,,,,,,,,,,,,,,,
0,,,,,,,,,,,,,,,,,
0,,,,,,,,,,,,,,,,,
0,,,,,,,,,,,,,,,,,
0,,,,,,,,,,,,,,,,,
0,,,,,,,,,,,,,,,,,
0,,,,,,,,,,,,,,,,,
0,,,,,,,,,,,,,,,,,
0,,,,,,,,,,,,,,,,,
0,,,,,,,,,,,,,,,,,
0,,,,,,,,,,,,,,,,,
0,,,,,,,,,,,,,,,,,
0,,,,,,,,,,,,,,,,,
0,,,,,,,,,,,,,,,,,
0,,,,,,,,,,,,,,,,,
0,,,,,,,,,,,,,,,,,
0,,,,,,,,,,,,,,,,,
0,,,,,,,,,,,,,,,,,
0,,,,,,,,,,,,,,,,,
0,,,,,,,,,,,,,,,,,
0,,,,,,,,,,,,,,,,,
0,,,,,,,,,,,,,,,,,
0,,,,,,,,,,,,,,,,,
0,,,,,,,,,,,,,,,,,
0,,,,,,,,,,,,,,,,,
0,,,,,,,,,,,,,,,,,
0,,,,,,,,,,,,,,,,,
0,,,,,,,,,,,,,,,,,
0,,,,,,,,,,,,,,,,,
0,,,,,,,,,,,,,,,,,
0,,,,,,,,,,,,,,,,,
0,,,,,,,,,,,,,,,,,
0,,,,,,,,,,,,,,,,,
0,,,,,,,,,,,,,,,,,
0,,,,,,,,,,,,,,,,,
0,,,,,,,,,,,,,,,,,
0,,,,,,,,,,,,,,,,,
0,,,,,,,,,,,,,,,,,
0,,,,,,,,,,,,,,,,,
0,,,,,,,,,,,,,,,,,
0,,,,,,,,,,,,,,,,,
0,,,,,,,,,,,,,,,,,
0,,,,,,,,,,,,,,,,,
0,,,,,,,,,,,,,,,,,
0,,,,,,,,,,,,,,,,,
0,,,,,,,,,,,,,,,,,
0,,,,,,,,,,,,,,,,,
0,,,,,,,,,,,,,,,,,
0,,,,,,,,,,,,,,,,,
0,,,,,,,,,,,,,,,,,
0,,,,,,,,,,,,,,,,,
0,,,,,,,,,,,,,,,,,
0,,,,,,,,,,,,,,,,,
0,,,,,,,,,,,,,,,,,
0,,,,,,,,,,,,,,,,,
0,,,,,,,,,,,,,,,,,
0,,,,,,,,,,,,,,,,,
0,,,,,,,,,,,,,,,,,
0,,,,,,,,,,,,,,,,,
0,,,,,,,,,,,,,,,,,
0,,,,,,,,,,,,,,,,,
0,,,,,,,,,,,,,,,,,
0,,,,,,,,,,,,,,,,,
0,,,,,,,,,,,,,,,,,
0,,,,,,,,,,,,,,,,,
0,,,,,,,,,,,,,,,,,
0,,,,,,,,,,,,,,,,,
0,,,,,,,,,,,,,,,,,
0,,,,,,,,,,,,,,,,,
0,,,,,,,,,,,,,,,,,
0,,,,,,,,,,,,,,,,,
0,,,,,,,,,,,,,,,,,
0,,,,,,,,,,,,,,,,,
0,,,,,,,,,,,,,,,,,
0,,,,,,,,,,,,,,,,,
0,,,,,,,,,,,,,,,,,
0,,,,,,,,,,,,,,,,,
0,,,,,,,,,,,,,,,,,
0,,,,,,,,,,,,,,,,,
0,,,,,,,,,,,,,,,,,
0,,,,,,,,,,,,,,,,,
0,,,,,,,,,,,,,,,,,
0,,,,,,,,,,,,,,,,,
0,,,,,,,,,,,,,,,,,
0,,,,,,,,,,,,,,,,,
0,,,,,,,,,,,,,,,,,
0,,,,,,,,,,,,,,,,,
0,,,,,,,,,,,,,,,,,
0,,,,,,,,,,,,,,,,,
0,,,,,,,,,,,,,,,,,
0,,,,,,,,,,,,,,,,,
0,,,,,,,,,,,,,,,,,
0,,,,,,,,,,,,,,,,,
0,,,,,,,,,,,,,,,,,
0,,,,,,,,,,,,,,,,,
0,,,,,,,,,,,,,,,,,
0,,,,,,,,,,,,,,,,,
0,,,,,,,,,,,,,,,,,
0,,,,,,,,,,,,,,,,,
0,,,,,,,,,,,,,,,,,
0,,,,,,,,,,,,,,,,,
0,,,,,,,,,,,,,,,,,
0,,,,,,,,,,,,,,,,,
0,,,,,,,,,,,,,,,,,
0,,,,,,,,,,,,,,,,,
0,,,,,,,,,,,,,,,,,
0,,,,,,,,,,,,,,,,,
0,,,,,,,,,,,,,,,,,
0,,,,,,,,,,,,,,,,,
0,,,,,,,,,,,,,,,,,
0,,,,,,,,,,,,,,,,,
0,,,,,,,,,,,,,,,,,
0,,,,,,,,,,,,,,,,,
0,,,,,,,,,,,,,,,,,
0,,,,,,,,,,,,,,,,,
0,,,,,,,,,,,,,,,,,
0,,,,,,,,,,,,,,,,,
0,,,,,,,,,,,,,,,,,
0,,,,,,,,,,,,,,,,,
0,,,,,,,,,,,,,,,,,
0,,,,,,,,,,,,,,,,,
0,,,,,,,,,,,,,,,,,
0,,,,,,,,,,,,,,,,,
0,,,,,,,,,,,,,,,,,
0,,,,,,,,,,,,,,,,,
0,,,,,,,,,,,,,,,,,
0,,,,,,,,,,,,,,,,,
0,,,,,,,,,,,,,,,,,
0,,,,,,,,,,,,,,,,,
0,,,,,,,,,,,,,,,,,
0,,,,,,,,,,,,,,,,,
0,,,,,,,,,,,,,,,,,
0,,,,,,,,,,,,,,,,,
0,,,,,,,,,,,,,,,,,
0,,,,,,,,,,,,,,,,,
0,,,,,,,,,,,,,,,,,
0,,,,,,,,,,,,,,,,,
0,,,,,,,,,,,,,,,,,
0,,,,,,,,,,,,,,,,,
0,,,,,,,,,,,,,,,,,
0,,,,,,,,,,,,,,,,,
0,,,,,,,,,,,,,,,,,
0,,,,,,,,,,,,,,,,,
0,,,,,,,,,,,,,,,,,
0,,,,,,,,,,,,,,,,,
0,,,,,,,,,,,,,,,,,
0,,,,,,,,,,,,,,,,,
0,,,,,,,,,,,,,,,,,
0,,,,,,,,,,,,,,,,,
0,,,,,,,,,,,,,,,,,
0,,,,,,,,,,,,,,,,,
0,,,,,,,,,,,,,,,,,
0,,,,,,,,,,,,,,,,,
0,,,,,,,,,,,,,,,,,
0,,,,,,,,,,,,,,,,,
0,,,,,,,,,,,,,,,,,
0,,,,,,,,,,,,,,,,,
0,,,,,,,,,,,,,,,,,
0,,,,,,,,,,,,,,,,,
0,,,,,,,,,,,,,,,,,
0,,,,,,,,,,,,,,,,,
0,,,,,,,,,,,,,,,,,
0,,,,,,,,,,,,,,,,,
0,,,,,,,,,,,,,,,,,
0,,,,,,,,,,,,,,,,,
0,,,,,,,,,,,,,,,,,
0,,,,,,,,,,,,,,,,,
0,,,,,,,,,,,,,,,,,
0,,,,,,,,,,,,,,,,,
0,,,,,,,,,,,,,,,,,
0,,,,,,,,,,,,,,,,,
0,,,,,,,,,,,,,,,,,
0,,,,,,,,,,,,,,,,,
0,,,,,,,,,,,,,,,,,
0,,,,,,,,,,,,,,,,,
0,,,,,,,,,,,,,,,,,
0,,,,,,,,,,,,,,,,,
0,,,,,,,,,,,,,,,,,
0,,,,,,,,,,,,,,,,,
0,,,,,,,,,,,,,,,,,
0,,,,,,,,,,,,,,,,,
0,,,,,,,,,,,,,,,,,
0,,,,,,,,,,,,,,,,,
0,,,,,,,,,,,,,,,,,
0,,,,,,,,,,,,,,,,,
0,,,,,,,,,,,,,,,,,
0,,,,,,,,,,,,,,,,,
0,,,,,,,,,,,,,,,,,
0,,,,,,,,,,,,,,,,,
0,,,,,,,,,,,,,,,,,
0,,,,,,,,,,,,,,,,,
0,,,,,,,,,,,,,,,,,
0,,,,,,,,,,,,,,,,,
0,,,,,,,,,,,,,,,,,
0,,,,,,,,,,,,,,,,,
0,,,,,,,,,,,,,,,,,
0,,,,,,,,,,,,,,,,,
0,,,,,,,,,,,,,,,,,
0,,,,,,,,,,,,,,,,,
0,,,,,,,,,,,,,,,,,
0,,,,,,,,,,,,,,,,,
0,,,,,,,,,,,,,,,,,
0,,,,,,,,,,,,,,,,,
0,,,,,,,,,,,,,,,,,
0,,,,,,,,,,,,,,,,,
0,,,,,,,,,,,,,,,,,
0,,,,,,,,,,,,,,,,,
0,,,,,,,,,,,,,,,,,
0,,,,,,,,,,,,,,,,,
0,,,,,,,,,,,,,,,,,
0,,,,,,,,,,,,,,,,,
0,,,,,,,,,,,,,,,,,
0,,,,,,,,,,,,,,,,,
0,,,,,,,,,,,,,,,,,
0,,,,,,,,,,,,,,,,,
0,,,,,,,,,,,,,,,,,
0,,,,,,,,,,,,,,,,,
0,,,,,,,,,,,,,,,,,
0,,,,,,,,,,,,,,,,,
0,,,,,,,,,,,,,,,,,
0,,,,,,,,,,,,,,,,,
0,,,,,,,,,,,,,,,,,
0,,,,,,,,,,,,,,,,,
0,,,,,,,,,,,,,,,,,
0,,,,,,,,,,,,,,,,,
0,,,,,,,,,,,,,,,,,
0,,,,,,,,,,,,,,,,,
0,,,,,,,,,,,,,,,,,
0,,,,,,,,,,,,,,,,,
0,,,,,,,,,,,,,,,,,
0,,,,,,,,,,,,,,,,,
0,,,,,,,,,,,,,,,,,
0,,,,,,,,,,,,,,,,,
0,,,,,,,,,,,,,,,,,
0,,,,,,,,,,,,,,,,,
0,,,,,,,,,,,,,,,,,
0,,,,,,,,,,,,,,,,,
0,,,,,,,,,,,,,,,,,
0,,,,,,,,,,,,,,,,,
0,,,,,,,,,,,,,,,,,
0,,,,,,,,,,,,,,,,,
0,,,,,,,,,,,,,,,,,
0,,,,,,,,,,,,,,,,,
0,,,,,,,,,,,,,,,,,
0,,,,,,,,,,,,,,,,,
0,,,,,,,,,,,,,,,,,
0,,,,,,,,,,,,,,,,,
0,,,,,,,,,,,,,,,,,
0,,,,,,,,,,,,,,,,,
0,,,,,,,,,,,,,,,,,
0,,,,,,,,,,,,,,,,,
0,,,,,,,,,,,,,,,,,
0,,,,,,,,,,,,,,,,,
0,,,,,,,,,,,,,,,,,
0,,,,,,,,,,,,,,,,,
0,,,,,,,,,,,,,,,,,
0,,,,,,,,,,,,,,,,,
0,,,,,,,,,,,,,,,,,
0,,,,,,,,,,,,,,,,,
0,,,,,,,,,,,,,,,,,
0,,,,,,,,,,,,,,,,,
0,,,,,,,,,,,,,,,,,
0,,,,,,,,,,,,,,,,,
0,,,,,,,,,,,,,,,,,
0,,,,,,,,,,,,,,,,,
0,,,,,,,,,,,,,,,,,
0,,,,,,,,,,,,,,,,,
0,,,,,,,,,,,,,,,,,
0,,,,,,,,,,,,,,,,,
0,,,,,,,,,,,,,,,,,
0,,,,,,,,,,,,,,,,,
0,,,,,,,,,,,,,,,,,
0,,,,,,,,,,,,,,,,,
0,,,,,,,,,,,,,,,,,
0,,,,,,,,,,,,,,,,,
0,,,,,,,,,,,,,,,,,
0,,,,,,,,,,,,,,,,,
0,,,,,,,,,,,,,,,,,
0,,,,,,,,,,,,,,,,,
0,,,,,,,,,,,,,,,,,
0,,,,,,,,,,,,,,,,,
0,,,,,,,,,,,,,,,,,
0,,,,,,,,,,,,,,,,,
0,,,,,,,,,,,,,,,,,
0,,,,,,,,,,,,,,,,,
0,,,,,,,,,,,,,,,,,
0,,,,,,,,,,,,,,,,,
0,,,,,,,,,,,,,,,,,
0,,,,,,,,,,,,,,,,,
0,,,,,,,,,,,,,,,,,
0,,,,,,,,,,,,,,,,,
0,,,,,,,,,,,,,,,,,
0,,,,,,,,,,,,,,,,,
0,,,,,,,,,,,,,,,,,
0,,,,,,,,,,,,,,,,,
0,,,,,,,,,,,,,,,,,
0,,,,,,,,,,,,,,,,,
0,,,,,,,,,,,,,,,,,
0,,,,,,,,,,,,,,,,,
0,,,,,,,,,,,,,,,,,
0,,,,,,,,,,,,,,,,,
0,,,,,,,,,,,,,,,,,
0,,,,,,,,,,,,,,,,,
0,,,,,,,,,,,,,,,,,
0,,,,,,,,,,,,,,,,,
0,,,,,,,,,,,,,,,,,
0,,,,,,,,,,,,,,,,,
0,,,,,,,,,,,,,,,,,
0,,,,,,,,,,,,,,,,,
0,,,,,,,,,,,,,,,,,
0,,,,,,,,,,,,,,,,,
0,,,,,,,,,,,,,,,,,
0,,,,,,,,,,,,,,,,,
0,,,,,,,,,,,,,,,,,
0,,,,,,,,,,,,,,,,,
0,,,,,,,,,,,,,,,,,
0,,,,,,,,,,,,,,,,,
0,,,,,,,,,,,,,,,,,
0,,,,,,,,,,,,,,,,,
0,,,,,,,,,,,,,,,,,
0,,,,,,,,,,,,,,,,,
0,,,,,,,,,,,,,,,,,
0,,,,,,,,,,,,,,,,,
0,,,,,,,,,,,,,,,,,
0,,,,,,,,,,,,,,,,,
0,,,,,,,,,,,,,,,,,
0,,,,,,,,,,,,,,,,,
0,,,,,,,,,,,,,,,,,
0,,,,,,,,,,,,,,,,,
0,,,,,,,,,,,,,,,,,
0,,,,,,,,,,,,,,,,,
0,,,,,,,,,,,,,,,,,
0,,,,,,,,,,,,,,,,,
0,,,,,,,,,,,,,,,,,
0,,,,,,,,,,,,,,,,,
0,,,,,,,,,,,,,,,,,
0,,,,,,,,,,,,,,,,,
0,,,,,,,,,,,,,,,,,
0,,,,,,,,,,,,,,,,,
0,,,,,,,,,,,,,,,,,
0,,,,,,,,,,,,,,,,,
0,,,,,,,,,,,,,,,,,
0,,,,,,,,,,,,,,,,,
0,,,,,,,,,,,,,,,,,
0,,,,,,,,,,,,,,,,,
0,,,,,,,,,,,,,,,,,
0,,,,,,,,,,,,,,,,,
0,,,,,,,,,,,,,,,,,
0,,,,,,,,,,,,,,,,,
0,,,,,,,,,,,,,,,,,
0,,,,,,,,,,,,,,,,,
0,,,,,,,,,,,,,,,,,
0,,,,,,,,,,,,,,,,,
0,,,,,,,,,,,,,,,,,
0,,,,,,,,,,,,,,,,,
0,,,,,,,,,,,,,,,,,
0,,,,,,,,,,,,,,,,,
0,,,,,,,,,,,,,,,,,
0,,,,,,,,,,,,,,,,,
0,,,,,,,,,,,,,,,,,
0,,,,,,,,,,,,,,,,,
0,,,,,,,,,,,,,,,,,
0,,,,,,,,,,,,,,,,,
0,,,,,,,,,,,,,,,,,
0,,,,,,,,,,,,,,,,,
0,,,,,,,,,,,,,,,,,
0,,,,,,,,,,,,,,,,,
0,,,,,,,,,,,,,,,,,
0,,,,,,,,,,,,,,,,,
0,,,,,,,,,,,,,,,,,
0,,,,,,,,,,,,,,,,,
0,,,,,,,,,,,,,,,,,
0,,,,,,,,,,,,,,,,,
0,,,,,,,,,,,,,,,,,
0,,,,,,,,,,,,,,,,,
0,,,,,,,,,,,,,,,,,
0,,,,,,,,,,,,,,,,,
0,,,,,,,,,,,,,,,,,
0,,,,,,,,,,,,,,,,,
0,,,,,,,,,,,,,,,,,
0,,,,,,,,,,,,,,,,,
0,,,,,,,,,,,,,,,,,
0,,,,,,,,,,,,,,,,,
0,,,,,,,,,,,,,,,,,
0,,,,,,,,,,,,,,,,,
0,,,,,,,,,,,,,,,,,
0,,,,,,,,,,,,,,,,,
0,,,,,,,,,,,,,,,,,
0,,,,,,,,,,,,,,,,,
0,,,,,,,,,,,,,,,,,
0,,,,,,,,,,,,,,,,,
0,,,,,,,,,,,,,,,,,
0,,,,,,,,,,,,,,,,,
0,,,,,,,,,,,,,,,,,
0,,,,,,,,,,,,,,,,,
0,,,,,,,,,,,,,,,,,
0,,,,,,,,,,,,,,,,,
0,,,,,,,,,,,,,,,,,
0,,,,,,,,,,,,,,,,,
0,,,,,,,,,,,,,,,,,
0,,,,,,,,,,,,,,,,,
0,,,,,,,,,,,,,,,,,
0,,,,,,,,,,,,,,,,,
0,,,,,,,,,,,,,,,,,
0,,,,,,,,,,,,,,,,,
0,,,,,,,,,,,,,,,,,
0,,,,,,,,,,,,,,,,,
0,,,,,,,,,,,,,,,,,
0,,,,,,,,,,,,,,,,,
0,,,,,,,,,,,,,,,,,
0,,,,,,,,,,,,,,,,,
0,,,,,,,,,,,,,,,,,
0,,,,,,,,,,,,,,,,,
0,,,,,,,,,,,,,,,,,
0,,,,,,,,,,,,,,,,,
0,,,,,,,,,,,,,,,,,
0,,,,,,,,,,,,,,,,,
0,,,,,,,,,,,,,,,,,
0,,,,,,,,,,,,,,,,,
0,,,,,,,,,,,,,,,,,
0,,,,,,,,,,,,,,,,,
0,,,,,,,,,,,,,,,,,
0,,,,,,,,,,,,,,,,,
0,,,,,,,,,,,,,,,,,
0,,,,,,,,,,,,,,,,,
0,,,,,,,,,,,,,,,,,
0,,,,,,,,,,,,,,,,,
0,,,,,,,,,,,,,,,,,
0,,,,,,,,,,,,,,,,,
0,,,,,,,,,,,,,,,,,
0,,,,,,,,,,,,,,,,,
0,,,,,,,,,,,,,,,,,
0,,,,,,,,,,,,,,,,,
0,,,,,,,,,,,,,,,,,
0,,,,,,,,,,,,,,,,,
0,,,,,,,,,,,,,,,,,
0,,,,,,,,,,,,,,,,,
0,,,,,,,,,,,,,,,,,
0,,,,,,,,,,,,,,,,,
0,,,,,,,,,,,,,,,,,
0,,,,,,,,,,,,,,,,,
0,,,,,,,,,,,,,,,,,
0,,,,,,,,,,,,,,,,,
0,,,,,,,,,,,,,,,,,
0,,,,,,,,,,,,,,,,,
0,,,,,,,,,,,,,,,,,
0,,,,,,,,,,,,,,,,,
0,,,,,,,,,,,,,,,,,
0,,,,,,,,,,,,,,,,,
0,,,,,,,,,,,,,,,,,
0,,,,,,,,,,,,,,,,,
0,,,,,,,,,,,,,,,,,
0,,,,,,,,,,,,,,,,,
0,,,,,,,,,,,,,,,,,
0,,,,,,,,,,,,,,,,,
0,,,,,,,,,,,,,,,,,
0,,,,,,,,,,,,,,,,,
0,,,,,,,,,,,,,,,,,
0,,,,,,,,,,,,,,,,,
0,,,,,,,,,,,,,,,,,
0,,,,,,,,,,,,,,,,,
0,,,,,,,,,,,,,,,,,
0,,,,,,,,,,,,,,,,,
0,,,,,,,,,,,,,,,,,
0,,,,,,,,,,,,,,,,,
0,,,,,,,,,,,,,,,,,
0,,,,,,,,,,,,,,,,,
0,,,,,,,,,,,,,,,,,
0,,,,,,,,,,,,,,,,,
0,,,,,,,,,,,,,,,,,
0,,,,,,,,,,,,,,,,,
0,,,,,,,,,,,,,,,,,
0,,,,,,,,,,,,,,,,,
0,,,,,,,,,,,,,,,,,
0,,,,,,,,,,,,,,,,,
0,,,,,,,,,,,,,,,,,
0,,,,,,,,,,,,,,,,,
0,,,,,,,,,,,,,,,,,
0,,,,,,,,,,,,,,,,,
0,,,,,,,,,,,,,,,,,
0,,,,,,,,,,,,,,,,,
0,,,,,,,,,,,,,,,,,
0,,,,,,,,,,,,,,,,,
0,,,,,,,,,,,,,,,,,
0,,,,,,,,,,,,,,,,,
0,,,,,,,,,,,,,,,,,
0,,,,,,,,,,,,,,,,,
0,,,,,,,,,,,,,,,,,
0,,,,,,,,,,,,,,,,,
0,,,,,,,,,,,,,,,,,
0,,,,,,,,,,,,,,,,,
0,,,,,,,,,,,,,,,,,
0,,,,,,,,,,,,,,,,,
0,,,,,,,,,,,,,,,,,
0,,,,,,,,,,,,,,,,,
0,,,,,,,,,,,,,,,,,
0,,,,,,,,,,,,,,,,,
0,,,,,,,,,,,,,,,,,
0,,,,,,,,,,,,,,,,,
0,,,,,,,,,,,,,,,,,
0,,,,,,,,,,,,,,,,,
0,,,,,,,,,,,,,,,,,
0,,,,,,,,,,,,,,,,,
0,,,,,,,,,,,,,,,,,
0,,,,,,,,,,,,,,,,,
0,,,,,,,,,,,,,,,,,
0,,,,,,,,,,,,,,,,,
0,,,,,,,,,,,,,,,,,
0,,,,,,,,,,,,,,,,,
0,,,,,,,,,,,,,,,,,
0,,,,,,,,,,,,,,,,,
0,,,,,,,,,,,,,,,,,
0,,,,,,,,,,,,,,,,,
0,,,,,,,,,,,,,,,,,
0,,,,,,,,,,,,,,,,,
0,,,,,,,,,,,,,,,,,
0,,,,,,,,,,,,,,,,,
0,,,,,,,,,,,,,,,,,
0,,,,,,,,,,,,,,,,,
0,,,,,,,,,,,,,,,,,
0,,,,,,,,,,,,,,,,,
0,,,,,,,,,,,,,,,,,
0,,,,,,,,,,,,,,,,,
0,,,,,,,,,,,,,,,,,
0,,,,,,,,,,,,,,,,,
0,,,,,,,,,,,,,,,,,
0,,,,,,,,,,,,,,,,,
0,,,,,,,,,,,,,,,,,
0,,,,,,,,,,,,,,,,,
0,,,,,,,,,,,,,,,,,
0,,,,,,,,,,,,,,,,,
0,,,,,,,,,,,,,,,,,
0,,,,,,,,,,,,,,,,,
0,,,,,,,,,,,,,,,,,
0,,,,,,,,,,,,,,,,,
0,,,,,,,,,,,,,,,,,
0,,,,,,,,,,,,,,,,,
0,,,,,,,,,,,,,,,,,
0,,,,,,,,,,,,,,,,,
0,,,,,,,,,,,,,,,,,
0,,,,,,,,,,,,,,,,,
0,,,,,,,,,,,,,,,,,
0,,,,,,,,,,,,,,,,,
0,,,,,,,,,,,,,,,,,
0,,,,,,,,,,,,,,,,,
0,,,,,,,,,,,,,,,,,
0,,,,,,,,,,,,,,,,,
0,,,,,,,,,,,,,,,,,
0,,,,,,,,,,,,,,,,,
0,,,,,,,,,,,,,,,,,
0,,,,,,,,,,,,,,,,,
0,,,,,,,,,,,,,,,,,
0,,,,,,,,,,,,,,,,,
0,,,,,,,,,,,,,,,,,
0,,,,,,,,,,,,,,,,,
0,,,,,,,,,,,,,,,,,
0,,,,,,,,,,,,,,,,,
0,,,,,,,,,,,,,,,,,
0,,,,,,,,,,,,,,,,,
0,,,,,,,,,,,,,,,,,
0,,,,,,,,,,,,,,,,,
0,,,,,,,,,,,,,,,,,
0,,,,,,,,,,,,,,,,,
0,,,,,,,,,,,,,,,,,
0,,,,,,,,,,,,,,,,,
0,,,,,,,,,,,,,,,,,
0,,,,,,,,,,,,,,,,,
0,,,,,,,,,,,,,,,,,
0,,,,,,,,,,,,,,,,,
0,,,,,,,,,,,,,,,,,
0,,,,,,,,,,,,,,,,,
0,,,,,,,,,,,,,,,,,
0,,,,,,,,,,,,,,,,,
0,,,,,,,,,,,,,,,,,
0,,,,,,,,,,,,,,,,,
0,,,,,,,,,,,,,,,,,
0,,,,,,,,,,,,,,,,,
0,,,,,,,,,,,,,,,,,
0,,,,,,,,,,,,,,,,,
0,,,,,,,,,,,,,,,,,
0,,,,,,,,,,,,,,,,,
0,,,,,,,,,,,,,,,,,
0,,,,,,,,,,,,,,,,,
0,,,,,,,,,,,,,,,,,
0,,,,,,,,,,,,,,,,,
0,,,,,,,,,,,,,,,,,
0,,,,,,,,,,,,,,,,,
0,,,,,,,,,,,,,,,,,
0,,,,,,,,,,,,,,,,,
0,,,,,,,,,,,,,,,,,
0,,,,,,,,,,,,,,,,,
0,,,,,,,,,,,,,,,,,
0,,,,,,,,,,,,,,,,,
0,,,,,,,,,,,,,,,,,
0,,,,,,,,,,,,,,,,,
0,,,,,,,,,,,,,,,,,
0,,,,,,,,,,,,,,,,,
0,,,,,,,,,,,,,,,,,
0,,,,,,,,,,,,,,,,,
0,,,,,,,,,,,,,,,,,
0,,,,,,,,,,,,,,,,,
0,,,,,,,,,,,,,,,,,
0,,,,,,,,,,,,,,,,,
0,,,,,,,,,,,,,,,,,
0,,,,,,,,,,,,,,,,,
0,,,,,,,,,,,,,,,,,
0,,,,,,,,,,,,,,,,,
0,,,,,,,,,,,,,,,,,
0,,,,,,,,,,,,,,,,,
0,,,,,,,,,,,,,,,,,
0,,,,,,,,,,,,,,,,,
0,,,,,,,,,,,,,,,,,
0,,,,,,,,,,,,,,,,,
0,,,,,,,,,,,,,,,,,
0,,,,,,,,,,,,,,,,,
0,,,,,,,,,,,,,,,,,
0,,,,,,,,,,,,,,,,,
0,,,,,,,,,,,,,,,,,
0,,,,,,,,,,,,,,,,,
0,,,,,,,,,,,,,,,,,
0,,,,,,,,,,,,,,,,,
0,,,,,,,,,,,,,,,,,
0,,,,,,,,,,,,,,,,,
0,,,,,,,,,,,,,,,,,
0,,,,,,,,,,,,,,,,,
0,,,,,,,,,,,,,,,,,
0,,,,,,,,,,,,,,,,,
0,,,,,,,,,,,,,,,,,
0,,,,,,,,,,,,,,,,,
0,,,,,,,,,,,,,,,,,
0,,,,,,,,,,,,,,,,,
0,,,,,,,,,,,,,,,,,
0,,,,,,,,,,,,,,,,,
0,,,,,,,,,,,,,,,,,
0,,,,,,,,,,,,,,,,,
0,,,,,,,,,,,,,,,,,
0,,,,,,,,,,,,,,,,,
0,,,,,,,,,,,,,,,,,
0,,,,,,,,,,,,,,,,,
0,,,,,,,,,,,,,,,,,
0,,,,,,,,,,,,,,,,,
0,,,,,,,,,,,,,,,,,
0,,,,,,,,,,,,,,,,,
0,,,,,,,,,,,,,,,,,
0,,,,,,,,,,,,,,,,,
0,,,,,,,,,,,,,,,,,
0,,,,,,,,,,,,,,,,,
0,,,,,,,,,,,,,,,,,
0,,,,,,,,,,,,,,,,,
0,,,,,,,,,,,,,,,,,
0,,,,,,,,,,,,,,,,,
0,,,,,,,,,,,,,,,,,
0,,,,,,,,,,,,,,,,,
0,,,,,,,,,,,,,,,,,
0,,,,,,,,,,,,,,,,,
0,,,,,,,,,,,,,,,,,
0,,,,,,,,,,,,,,,,,
0,,,,,,,,,,,,,,,,,
0,,,,,,,,,,,,,,,,,
0,,,,,,,,,,,,,,,,,
0,,,,,,,,,,,,,,,,,
0,,,,,,,,,,,,,,,,,
0,,,,,,,,,,,,,,,,,
0,,,,,,,,,,,,,,,,,
0,,,,,,,,,,,,,,,,,
0,,,,,,,,,,,,,,,,,
0,,,,,,,,,,,,,,,,,
0,,,,,,,,,,,,,,,,,
0,,,,,,,,,,,,,,,,,
0,,,,,,,,,,,,,,,,,
0,,,,,,,,,,,,,,,,,
0,,,,,,,,,,,,,,,,,
0,,,,,,,,,,,,,,,,,
0,,,,,,,,,,,,,,,,,
0,,,,,,,,,,,,,,,,,
0,,,,,,,,,,,,,,,,,
0,,,,,,,,,,,,,,,,,
0,,,,,,,,,,,,,,,,,
0,,,,,,,,,,,,,,,,,
0,,,,,,,,,,,,,,,,,
0,,,,,,,,,,,,,,,,,
0,,,,,,,,,,,,,,,,,
0,,,,,,,,,,,,,,,,,
0,,,,,,,,,,,,,,,,,
0,,,,,,,,,,,,,,,,,
0,,,,,,,,,,,,,,,,,
0,,,,,,,,,,,,,,,,,
0,,,,,,,,,,,,,,,,,
0,,,,,,,,,,,,,,,,,
0,,,,,,,,,,,,,,,,,
0,,,,,,,,,,,,,,,,,
0,,,,,,,,,,,,,,,,,
0,,,,,,,,,,,,,,,,,
0,,,,,,,,,,,,,,,,,
0,,,,,,,,,,,,,,,,,
0,,,,,,,,,,,,,,,,,
0,,,,,,,,,,,,,,,,,
0,,,,,,,,,,,,,,,,,
0,,,,,,,,,,,,,,,,,
0,,,,,,,,,,,,,,,,,
0,,,,,,,,,,,,,,,,,
0,,,,,,,,,,,,,,,,,
0,,,,,,,,,,,,,,,,,
0,,,,,,,,,,,,,,,,,
0,,,,,,,,,,,,,,,,,
0,,,,,,,,,,,,,,,,,
0,,,,,,,,,,,,,,,,,
0,,,,,,,,,,,,,,,,,
0,,,,,,,,,,,,,,,,,
0,,,,,,,,,,,,,,,,,
0,,,,,,,,,,,,,,,,,
0,,,,,,,,,,,,,,,,,
0,,,,,,,,,,,,,,,,,
0,,,,,,,,,,,,,,,,,
0,,,,,,,,,,,,,,,,,
0,,,,,,,,,,,,,,,,,
0,,,,,,,,,,,,,,,,,
0,,,,,,,,,,,,,,,,,
0,,,,,,,,,,,,,,,,,
0,,,,,,,,,,,,,,,,,
0,,,,,,,,,,,,,,,,,
0,,,,,,,,,,,,,,,,,
0,,,,,,,,,,,,,,,,,
0,,,,,,,,,,,,,,,,,
0,,,,,,,,,,,,,,,,,
0,,,,,,,,,,,,,,,,,
0,,,,,,,,,,,,,,,,,
0,,,,,,,,,,,,,,,,,
0,,,,,,,,,,,,,,,,,
0,,,,,,,,,,,,,,,,,
0,,,,,,,,,,,,,,,,,
0,,,,,,,,,,,,,,,,,
0,,,,,,,,,,,,,,,,,
0,,,,,,,,,,,,,,,,,
0,,,,,,,,,,,,,,,,,
0,,,,,,,,,,,,,,,,,
0,,,,,,,,,,,,,,,,,
0,,,,,,,,,,,,,,,,,
0,,,,,,,,,,,,,,,,,
0,,,,,,,,,,,,,,,,,
0,,,,,,,,,,,,,,,,,
0,,,,,,,,,,,,,,,,,
0,,,,,,,,,,,,,,,,,
0,,,,,,,,,,,,,,,,,
0,,,,,,,,,,,,,,,,,
0,,,,,,,,,,,,,,,,,
0,,,,,,,,,,,,,,,,,
0,,,,,,,,,,,,,,,,,
0,,,,,,,,,,,,,,,,,
0,,,,,,,,,,,,,,,,,
0,,,,,,,,,,,,,,,,,
0,,,,,,,,,,,,,,,,,
0,,,,,,,,,,,,,,,,,
0,,,,,,,,,,,,,,,,,
0,,,,,,,,,,,,,,,,,
0,,,,,,,,,,,,,,,,,
0,,,,,,,,,,,,,,,,,
0,,,,,,,,,,,,,,,,,
0,,,,,,,,,,,,,,,,,
0,,,,,,,,,,,,,,,,,
0,,,,,,,,,,,,,,,,,
0,,,,,,,,,,,,,,,,,
0,,,,,,,,,,,,,,,,,
0,,,,,,,,,,,,,,,,,
0,,,,,,,,,,,,,,,,,
0,,,,,,,,,,,,,,,,,
0,,,,,,,,,,,,,,,,,
0,,,,,,,,,,,,,,,,,
0,,,,,,,,,,,,,,,,,
